,Bar_Time_UNIX,open,high,low,close,volume,Bar_Time_UTC_String
0,1639567800000,15880.0,15880.3,15862.4,15874.6,0,2021-12-15T11:30:00Z
1,1639568700000,15874.6,15891.5,15873.4,15887.9,0,2021-12-15T11:45:00Z
2,1639569600000,15887.9,15911.0,15887.6,15908.8,0,2021-12-15T12:00:00Z
3,1639570500000,15908.8,15916.6,15899.0,15916.0,0,2021-12-15T12:15:00Z
4,1639571400000,15916.0,15923.4,15911.6,15918.0,0,2021-12-15T12:30:00Z
5,1639572300000,15918.0,15926.1,15902.9,15905.6,0,2021-12-15T12:45:00Z
6,1639573200000,15905.6,15919.6,15894.5,15916.3,0,2021-12-15T13:00:00Z
7,1639574100000,15916.3,15937.0,15914.0,15929.5,0,2021-12-15T13:15:00Z
8,1622114100000,13655.2,13660.0,13649.8,13650.3,0,2021-05-27T11:15:00Z
9,1622115000000,13650.3,13653.8,13637.7,13642.3,0,2021-05-27T11:30:00Z
10,1622115900000,13642.3,13672.5,13642.3,13670.5,0,2021-05-27T11:45:00Z
11,1622116800000,13670.5,13685.3,13649.2,13654.6,0,2021-05-27T12:00:00Z
12,1622117700000,13654.6,13655.2,13634.6,13644.5,0,2021-05-27T12:15:00Z
13,1622118600000,13644.5,13671.6,13626.0,13646.5,0,2021-05-27T12:30:00Z
14,1622119500000,13646.5,13667.7,13642.3,13665.3,0,2021-05-27T12:45:00Z
15,1622120400000,13665.3,13684.8,13662.7,13682.7,0,2021-05-27T13:00:00Z
16,1622121300000,13682.7,13701.7,13678.8,13688.3,0,2021-05-27T13:15:00Z
17,1622122200000,13688.3,13698.2,13656.5,13665.3,0,2021-05-27T13:30:00Z
18,1622123100000,13665.3,13677.5,13647.2,13659.1,0,2021-05-27T13:45:00Z
19,1622124000000,13659.1,13688.8,13650.1,13683.2,0,2021-05-27T14:00:00Z
20,1622124900000,13683.2,13705.3,13680.8,13697.7,0,2021-05-27T14:15:00Z
21,1622125800000,13697.7,13725.2,13697.7,13721.7,0,2021-05-27T14:30:00Z
22,1622126700000,13721.7,13723.2,13680.7,13688.2,0,2021-05-27T14:45:00Z
23,1622127600000,13688.2,13710.7,13683.0,13707.7,0,2021-05-27T15:00:00Z
24,1622128500000,13707.7,13714.8,13695.6,13695.6,0,2021-05-27T15:15:00Z
25,1622129400000,13695.6,13706.8,13683.3,13704.8,0,2021-05-27T15:30:00Z
26,1622130300000,13704.8,13715.5,13693.5,13713.0,0,2021-05-27T15:45:00Z
27,1622131200000,13713.0,13717.7,13703.5,13714.7,0,2021-05-27T16:00:00Z
28,1622132100000,13714.7,13717.6,13707.3,13707.8,0,2021-05-27T16:15:00Z
29,1622133000000,13707.8,13710.1,13700.1,13704.5,0,2021-05-27T16:30:00Z
30,1622133900000,13704.5,13708.1,13695.8,13707.7,0,2021-05-27T16:45:00Z
31,1622134800000,13707.7,13714.8,13703.1,13709.6,0,2021-05-27T17:00:00Z
32,1622135700000,13709.6,13715.2,13702.0,13702.7,0,2021-05-27T17:15:00Z
33,1622136600000,13702.7,13707.5,13683.8,13694.5,0,2021-05-27T17:30:00Z
34,1622137500000,13694.5,13698.5,13687.3,13691.5,0,2021-05-27T17:45:00Z
35,1622138400000,13691.5,13693.0,13665.1,13666.0,0,2021-05-27T18:00:00Z
36,1622139300000,13666.0,13673.0,13655.2,13671.3,0,2021-05-27T18:15:00Z
37,1622140200000,13671.3,13672.6,13662.5,13667.7,0,2021-05-27T18:30:00Z
38,1622141100000,13667.7,13678.1,13661.3,13669.3,0,2021-05-27T18:45:00Z
39,1622142000000,13669.3,13671.8,13652.0,13666.2,0,2021-05-27T19:00:00Z
40,1622142900000,13666.2,13668.8,13656.6,13661.8,0,2021-05-27T19:15:00Z
41,1622143800000,13661.8,13672.8,13652.2,13663.0,0,2021-05-27T19:30:00Z
42,1622144700000,13663.0,13683.2,13653.2,13657.2,0,2021-05-27T19:45:00Z
43,1622145600000,13657.2,13690.6,13655.2,13685.6,0,2021-05-27T20:00:00Z
44,1622146500000,13685.6,13685.6,13685.2,13685.3,0,2021-05-27T20:15:00Z
45,1622147400000,13685.3,13692.8,13680.3,13692.3,0,2021-05-27T20:30:00Z
46,1622148300000,13692.3,13698.3,13691.8,13697.6,0,2021-05-27T20:45:00Z
47,1622152800000,13697.6,13702.1,13696.0,13697.4,0,2021-05-27T22:00:00Z
48,1622153700000,13697.4,13697.9,13690.1,13692.4,0,2021-05-27T22:15:00Z
49,1622154600000,13692.4,13694.6,13692.0,13693.2,0,2021-05-27T22:30:00Z
50,1622155500000,13693.2,13696.7,13692.9,13696.5,0,2021-05-27T22:45:00Z
51,1622156400000,13696.5,13696.9,13692.0,13692.4,0,2021-05-27T23:00:00Z
52,1622157300000,13692.4,13695.0,13687.6,13694.7,0,2021-05-27T23:15:00Z
53,1622158200000,13694.7,13711.4,13694.7,13710.6,0,2021-05-27T23:30:00Z
54,1622159100000,13710.6,13712.9,13707.1,13707.5,0,2021-05-27T23:45:00Z
55,1622160000000,13707.5,13717.0,13703.9,13714.4,0,2021-05-28T00:00:00Z
56,1622160900000,13714.4,13720.4,13713.0,13716.2,0,2021-05-28T00:15:00Z
57,1622161800000,13716.2,13717.7,13711.5,13712.7,0,2021-05-28T00:30:00Z
58,1622162700000,13712.7,13714.6,13709.1,13709.2,0,2021-05-28T00:45:00Z
59,1622163600000,13709.2,13711.9,13697.5,13699.1,0,2021-05-28T01:00:00Z
60,1622164500000,13699.1,13700.5,13692.5,13697.5,0,2021-05-28T01:15:00Z
61,1622165400000,13697.5,13702.7,13695.5,13699.9,0,2021-05-28T01:30:00Z
62,1622166300000,13699.9,13704.5,13691.1,13695.0,0,2021-05-28T01:45:00Z
63,1622167200000,13695.0,13701.6,13693.5,13698.1,0,2021-05-28T02:00:00Z
64,1622168100000,13698.1,13700.0,13689.5,13690.2,0,2021-05-28T02:15:00Z
65,1622169000000,13690.2,13697.0,13689.7,13696.2,0,2021-05-28T02:30:00Z
66,1622169900000,13696.2,13697.7,13691.6,13697.4,0,2021-05-28T02:45:00Z
67,1622170800000,13697.4,13702.6,13697.4,13702.0,0,2021-05-28T03:00:00Z
68,1622171700000,13702.0,13703.2,13700.2,13700.6,0,2021-05-28T03:15:00Z
69,1622172600000,13700.6,13702.0,13698.4,13700.7,0,2021-05-28T03:30:00Z
70,1622173500000,13700.7,13707.0,13700.7,13705.4,0,2021-05-28T03:45:00Z
71,1622174400000,13705.4,13706.2,13701.1,13702.4,0,2021-05-28T04:00:00Z
72,1622175300000,13702.4,13703.2,13695.0,13696.6,0,2021-05-28T04:15:00Z
73,1622176200000,13696.6,13699.1,13695.0,13697.2,0,2021-05-28T04:30:00Z
74,1622177100000,13697.2,13701.7,13696.9,13701.4,0,2021-05-28T04:45:00Z
75,1622178000000,13701.4,13706.4,13698.4,13698.6,0,2021-05-28T05:00:00Z
76,1622178900000,13698.6,13699.9,13690.5,13691.0,0,2021-05-28T05:15:00Z
77,1622179800000,13691.0,13691.0,13681.7,13682.2,0,2021-05-28T05:30:00Z
78,1622180700000,13682.2,13683.6,13676.9,13680.2,0,2021-05-28T05:45:00Z
79,1622181600000,13680.2,13680.6,13673.1,13678.9,0,2021-05-28T06:00:00Z
80,1622182500000,13678.9,13680.7,13667.4,13671.5,0,2021-05-28T06:15:00Z
81,1622183400000,13671.5,13675.9,13667.4,13672.9,0,2021-05-28T06:30:00Z
82,1622184300000,13672.9,13680.4,13672.7,13680.0,0,2021-05-28T06:45:00Z
83,1622185200000,13680.0,13683.6,13671.7,13683.6,0,2021-05-28T07:00:00Z
84,1622186100000,13683.6,13687.2,13680.1,13682.9,0,2021-05-28T07:15:00Z
85,1622187000000,13682.9,13690.2,13680.0,13689.9,0,2021-05-28T07:30:00Z
86,1622187900000,13689.9,13695.6,13685.9,13690.1,0,2021-05-28T07:45:00Z
87,1622188800000,13690.1,13704.6,13690.0,13699.2,0,2021-05-28T08:00:00Z
88,1622189700000,13699.2,13703.2,13696.0,13698.2,0,2021-05-28T08:15:00Z
89,1622190600000,13698.2,13702.4,13697.2,13700.5,0,2021-05-28T08:30:00Z
90,1622191500000,13700.5,13702.2,13697.2,13702.0,0,2021-05-28T08:45:00Z
91,1622192400000,13702.0,13703.5,13696.5,13700.4,0,2021-05-28T09:00:00Z
92,1622193300000,13700.4,13712.5,13699.6,13711.7,0,2021-05-28T09:15:00Z
93,1622194200000,13711.7,13719.0,13711.0,13718.4,0,2021-05-28T09:30:00Z
94,1622195100000,13718.4,13719.2,13710.0,13714.9,0,2021-05-28T09:45:00Z
95,1622196000000,13714.9,13719.1,13711.4,13716.5,0,2021-05-28T10:00:00Z
96,1622196900000,13716.5,13717.6,13712.6,13714.9,0,2021-05-28T10:15:00Z
97,1622197800000,13714.9,13717.0,13710.2,13714.0,0,2021-05-28T10:30:00Z
98,1622198700000,13714.0,13730.4,13713.5,13730.4,0,2021-05-28T10:45:00Z
99,1622199600000,13730.4,13730.4,13718.7,13721.1,0,2021-05-28T11:00:00Z
100,1622200500000,13721.1,13723.0,13714.0,13718.4,0,2021-05-28T11:15:00Z
101,1622201400000,13718.4,13719.9,13713.9,13717.1,0,2021-05-28T11:30:00Z
102,1622202300000,13717.1,13721.2,13715.1,13718.2,0,2021-05-28T11:45:00Z
103,1622203200000,13718.2,13719.5,13700.7,13703.2,0,2021-05-28T12:00:00Z
104,1622204100000,13703.2,13708.2,13694.9,13701.6,0,2021-05-28T12:15:00Z
105,1622205000000,13701.6,13710.1,13691.7,13700.4,0,2021-05-28T12:30:00Z
106,1622205900000,13700.4,13700.9,13684.7,13691.1,0,2021-05-28T12:45:00Z
107,1622206800000,13691.1,13695.9,13688.9,13690.9,0,2021-05-28T13:00:00Z
108,1622207700000,13690.9,13708.2,13689.4,13708.1,0,2021-05-28T13:15:00Z
109,1622208600000,13708.1,13744.1,13700.6,13731.5,0,2021-05-28T13:30:00Z
110,1622209500000,13731.5,13738.1,13707.2,13727.9,0,2021-05-28T13:45:00Z
111,1622210400000,13727.9,13737.1,13711.2,13727.4,0,2021-05-28T14:00:00Z
112,1622211300000,13727.4,13732.7,13699.6,13702.2,0,2021-05-28T14:15:00Z
113,1622212200000,13702.2,13735.4,13702.0,13728.7,0,2021-05-28T14:30:00Z
114,1622213100000,13728.7,13730.3,13714.9,13719.3,0,2021-05-28T14:45:00Z
115,1622214000000,13719.3,13729.8,13712.5,13725.7,0,2021-05-28T15:00:00Z
116,1622214900000,13725.7,13732.9,13722.7,13728.9,0,2021-05-28T15:15:00Z
117,1622215800000,13728.9,13750.8,13728.4,13749.7,0,2021-05-28T15:30:00Z
118,1622216700000,13749.7,13754.3,13745.7,13753.5,0,2021-05-28T15:45:00Z
119,1622217600000,13753.5,13767.8,13752.2,13760.9,0,2021-05-28T16:00:00Z
120,1622218500000,13760.9,13764.8,13754.0,13755.7,0,2021-05-28T16:15:00Z
121,1622219400000,13755.7,13764.3,13752.7,13763.3,0,2021-05-28T16:30:00Z
122,1622220300000,13763.3,13765.0,13755.5,13761.0,0,2021-05-28T16:45:00Z
123,1622221200000,13761.0,13765.4,13748.0,13750.0,0,2021-05-28T17:00:00Z
124,1622222100000,13750.0,13751.4,13727.4,13728.2,0,2021-05-28T17:15:00Z
125,1622223000000,13728.2,13739.0,13718.5,13722.5,0,2021-05-28T17:30:00Z
126,1622223900000,13722.5,13723.8,13711.2,13720.7,0,2021-05-28T17:45:00Z
127,1622224800000,13720.7,13725.3,13711.8,13716.8,0,2021-05-28T18:00:00Z
128,1622225700000,13716.8,13733.8,13714.7,13733.7,0,2021-05-28T18:15:00Z
129,1622226600000,13733.7,13738.3,13728.0,13736.7,0,2021-05-28T18:30:00Z
130,1622227500000,13736.7,13742.9,13733.2,13736.3,0,2021-05-28T18:45:00Z
131,1622228400000,13736.3,13737.0,13717.2,13722.3,0,2021-05-28T19:00:00Z
132,1622229300000,13722.3,13730.8,13719.0,13727.8,0,2021-05-28T19:15:00Z
133,1622230200000,13727.8,13734.8,13718.3,13719.5,0,2021-05-28T19:30:00Z
134,1622231100000,13719.5,13725.8,13686.8,13695.9,0,2021-05-28T19:45:00Z
135,1622232000000,13695.9,13703.7,13694.5,13697.9,0,2021-05-28T20:00:00Z
136,1622412000000,13697.9,13720.8,13697.9,13712.7,0,2021-05-30T22:00:00Z
137,1622412900000,13712.7,13718.3,13710.5,13718.0,0,2021-05-30T22:15:00Z
138,1622413800000,13718.0,13718.2,13712.5,13713.7,0,2021-05-30T22:30:00Z
139,1622414700000,13713.7,13720.5,13713.5,13716.5,0,2021-05-30T22:45:00Z
140,1622415600000,13716.5,13721.8,13716.2,13717.9,0,2021-05-30T23:00:00Z
141,1622416500000,13717.9,13723.8,13717.8,13721.5,0,2021-05-30T23:15:00Z
142,1622417400000,13721.5,13722.9,13711.2,13712.0,0,2021-05-30T23:30:00Z
143,1622418300000,13712.0,13720.4,13708.4,13716.5,0,2021-05-30T23:45:00Z
144,1622419200000,13716.5,13722.3,13709.7,13716.2,0,2021-05-31T00:00:00Z
145,1622420100000,13716.2,13720.0,13704.2,13708.9,0,2021-05-31T00:15:00Z
146,1622421000000,13708.9,13713.7,13705.0,13707.3,0,2021-05-31T00:30:00Z
147,1622421900000,13707.3,13712.9,13704.7,13711.5,0,2021-05-31T00:45:00Z
148,1622422800000,13711.5,13716.3,13705.3,13710.0,0,2021-05-31T01:00:00Z
149,1622423700000,13710.0,13713.3,13704.7,13705.7,0,2021-05-31T01:15:00Z
150,1622424600000,13705.7,13706.9,13696.2,13701.8,0,2021-05-31T01:30:00Z
151,1622425500000,13701.8,13710.9,13698.8,13708.9,0,2021-05-31T01:45:00Z
152,1622426400000,13708.9,13713.8,13699.0,13704.7,0,2021-05-31T02:00:00Z
153,1622427300000,13704.7,13709.5,13703.4,13708.5,0,2021-05-31T02:15:00Z
154,1622428200000,13708.5,13708.9,13702.5,13705.0,0,2021-05-31T02:30:00Z
155,1622429100000,13705.0,13707.8,13702.8,13705.5,0,2021-05-31T02:45:00Z
156,1622430000000,13705.5,13706.0,13697.4,13701.7,0,2021-05-31T03:00:00Z
157,1622430900000,13701.7,13702.4,13694.9,13696.2,0,2021-05-31T03:15:00Z
158,1622431800000,13696.2,13701.5,13695.2,13700.5,0,2021-05-31T03:30:00Z
159,1622432700000,13700.5,13702.5,13700.5,13702.2,0,2021-05-31T03:45:00Z
160,1622433600000,13702.2,13703.3,13701.2,13701.4,0,2021-05-31T04:00:00Z
161,1622434500000,13701.4,13703.5,13700.3,13701.8,0,2021-05-31T04:15:00Z
162,1622435400000,13701.8,13702.4,13698.7,13698.9,0,2021-05-31T04:30:00Z
163,1622436300000,13698.9,13700.4,13697.9,13699.5,0,2021-05-31T04:45:00Z
164,1622437200000,13699.5,13705.9,13698.2,13702.4,0,2021-05-31T05:00:00Z
165,1622438100000,13702.4,13703.3,13698.2,13700.5,0,2021-05-31T05:15:00Z
166,1622439000000,13700.5,13702.0,13698.5,13700.9,0,2021-05-31T05:30:00Z
167,1622439900000,13700.9,13704.4,13699.4,13701.7,0,2021-05-31T05:45:00Z
168,1622440800000,13701.7,13703.8,13698.0,13702.0,0,2021-05-31T06:00:00Z
169,1622441700000,13702.0,13703.5,13699.2,13701.2,0,2021-05-31T06:15:00Z
170,1622442600000,13701.2,13704.9,13697.8,13698.0,0,2021-05-31T06:30:00Z
171,1622443500000,13698.0,13702.4,13698.0,13701.3,0,2021-05-31T06:45:00Z
172,1622444400000,13701.3,13707.2,13700.4,13707.2,0,2021-05-31T07:00:00Z
173,1622445300000,13707.2,13716.3,13705.0,13707.3,0,2021-05-31T07:15:00Z
174,1622446200000,13707.3,13707.9,13701.5,13702.9,0,2021-05-31T07:30:00Z
175,1622447100000,13702.9,13702.9,13694.8,13698.3,0,2021-05-31T07:45:00Z
176,1622448000000,13698.3,13698.4,13684.2,13691.2,0,2021-05-31T08:00:00Z
177,1622448900000,13691.2,13696.0,13689.9,13692.9,0,2021-05-31T08:15:00Z
178,1622449800000,13692.9,13697.3,13690.5,13691.3,0,2021-05-31T08:30:00Z
179,1622450700000,13691.3,13692.3,13676.4,13677.0,0,2021-05-31T08:45:00Z
180,1622451600000,13677.0,13686.5,13677.0,13685.8,0,2021-05-31T09:00:00Z
181,1622452500000,13685.8,13687.7,13683.0,13687.2,0,2021-05-31T09:15:00Z
182,1622453400000,13687.2,13687.7,13679.4,13683.3,0,2021-05-31T09:30:00Z
183,1622454300000,13683.3,13685.9,13665.2,13673.4,0,2021-05-31T09:45:00Z
184,1622455200000,13673.4,13679.7,13672.9,13678.4,0,2021-05-31T10:00:00Z
185,1622456100000,13678.4,13681.0,13670.7,13671.4,0,2021-05-31T10:15:00Z
186,1622457000000,13671.4,13678.7,13661.7,13677.3,0,2021-05-31T10:30:00Z
187,1622457900000,13677.3,13683.2,13676.8,13682.9,0,2021-05-31T10:45:00Z
188,1622458800000,13682.9,13684.2,13678.7,13679.4,0,2021-05-31T11:00:00Z
189,1622459700000,13679.4,13681.3,13672.5,13677.8,0,2021-05-31T11:15:00Z
190,1622460600000,13677.8,13680.5,13675.3,13678.0,0,2021-05-31T11:30:00Z
191,1622461500000,13678.0,13680.3,13674.8,13677.0,0,2021-05-31T11:45:00Z
192,1622462400000,13677.0,13677.2,13668.3,13675.3,0,2021-05-31T12:00:00Z
193,1622463300000,13675.3,13681.7,13671.3,13678.7,0,2021-05-31T12:15:00Z
194,1622464200000,13678.7,13687.4,13677.2,13684.9,0,2021-05-31T12:30:00Z
195,1622465100000,13684.9,13685.2,13680.9,13681.9,0,2021-05-31T12:45:00Z
196,1622466000000,13681.9,13683.0,13675.3,13676.5,0,2021-05-31T13:00:00Z
197,1622466900000,13676.5,13682.7,13676.0,13681.7,0,2021-05-31T13:15:00Z
198,1622467800000,13681.7,13684.3,13673.4,13675.7,0,2021-05-31T13:30:00Z
199,1622468700000,13675.7,13679.4,13671.0,13677.2,0,2021-05-31T13:45:00Z
200,1622469600000,13677.2,13678.4,13673.3,13674.2,0,2021-05-31T14:00:00Z
201,1622470500000,13674.2,13674.7,13668.3,13673.2,0,2021-05-31T14:15:00Z
202,1622471400000,13673.2,13675.3,13670.5,13673.7,0,2021-05-31T14:30:00Z
203,1622472300000,13673.7,13674.9,13666.0,13667.4,0,2021-05-31T14:45:00Z
204,1622473200000,13667.4,13671.7,13666.4,13670.4,0,2021-05-31T15:00:00Z
205,1622474100000,13670.4,13671.5,13666.9,13667.9,0,2021-05-31T15:15:00Z
206,1622475000000,13667.9,13674.8,13667.9,13673.7,0,2021-05-31T15:30:00Z
207,1622475900000,13673.7,13677.7,13671.0,13675.0,0,2021-05-31T15:45:00Z
208,1622476800000,13675.0,13678.8,13674.9,13677.0,0,2021-05-31T16:00:00Z
209,1622477700000,13677.0,13678.4,13656.0,13662.4,0,2021-05-31T16:15:00Z
210,1622478600000,13662.4,13665.5,13657.8,13665.0,0,2021-05-31T16:30:00Z
211,1622479500000,13665.0,13665.2,13658.5,13658.9,0,2021-05-31T16:45:00Z
212,1622480400000,13658.9,13659.0,13658.9,13659.0,0,2021-05-31T17:00:00Z
213,1622498400000,13659.0,13685.0,13659.0,13680.3,0,2021-05-31T22:00:00Z
214,1622499300000,13680.3,13686.3,13679.0,13684.5,0,2021-05-31T22:15:00Z
215,1622500200000,13684.5,13687.9,13683.7,13687.5,0,2021-05-31T22:30:00Z
216,1622501100000,13687.5,13688.2,13683.7,13686.7,0,2021-05-31T22:45:00Z
217,1622502000000,13686.7,13687.5,13682.3,13685.0,0,2021-05-31T23:00:00Z
218,1622502900000,13685.0,13690.3,13683.9,13690.0,0,2021-05-31T23:15:00Z
219,1622503800000,13690.0,13693.2,13685.7,13693.0,0,2021-05-31T23:30:00Z
220,1622504700000,13693.0,13693.5,13688.0,13690.8,0,2021-05-31T23:45:00Z
221,1622505600000,13690.8,13696.3,13679.8,13682.5,0,2021-06-01T00:00:00Z
222,1622506500000,13682.5,13691.2,13681.4,13690.7,0,2021-06-01T00:15:00Z
223,1622507400000,13690.7,13698.9,13690.7,13694.0,0,2021-06-01T00:30:00Z
224,1622508300000,13694.0,13698.4,13693.0,13695.4,0,2021-06-01T00:45:00Z
225,1622509200000,13695.4,13703.4,13694.4,13698.7,0,2021-06-01T01:00:00Z
226,1622510100000,13698.7,13702.4,13689.8,13692.3,0,2021-06-01T01:15:00Z
227,1622511000000,13692.3,13692.3,13677.0,13687.4,0,2021-06-01T01:30:00Z
228,1622511900000,13687.4,13693.5,13687.0,13689.2,0,2021-06-01T01:45:00Z
229,1622512800000,13689.2,13699.9,13688.4,13696.4,0,2021-06-01T02:00:00Z
230,1622513700000,13696.4,13697.0,13682.7,13686.4,0,2021-06-01T02:15:00Z
231,1622514600000,13686.4,13686.4,13678.8,13682.7,0,2021-06-01T02:30:00Z
232,1622515500000,13682.7,13687.7,13681.0,13683.0,0,2021-06-01T02:45:00Z
233,1622516400000,13683.0,13686.2,13681.2,13685.3,0,2021-06-01T03:00:00Z
234,1622517300000,13685.3,13695.7,13685.3,13694.5,0,2021-06-01T03:15:00Z
235,1622518200000,13694.5,13697.4,13692.0,13692.0,0,2021-06-01T03:30:00Z
236,1622519100000,13692.0,13695.5,13690.2,13691.8,0,2021-06-01T03:45:00Z
237,1622520000000,13691.8,13696.4,13691.3,13695.4,0,2021-06-01T04:00:00Z
238,1622520900000,13695.4,13695.7,13689.9,13692.3,0,2021-06-01T04:15:00Z
239,1622521800000,13692.3,13693.7,13688.0,13692.9,0,2021-06-01T04:30:00Z
240,1622522700000,13692.9,13700.8,13692.7,13698.8,0,2021-06-01T04:45:00Z
241,1622523600000,13698.8,13700.8,13696.2,13697.0,0,2021-06-01T05:00:00Z
242,1622524500000,13697.0,13700.0,13695.9,13696.2,0,2021-06-01T05:15:00Z
243,1622525400000,13696.2,13702.8,13695.7,13698.7,0,2021-06-01T05:30:00Z
244,1622526300000,13698.7,13699.7,13692.5,13695.2,0,2021-06-01T05:45:00Z
245,1622527200000,13695.2,13702.0,13691.5,13696.4,0,2021-06-01T06:00:00Z
246,1622528100000,13696.4,13702.7,13694.9,13695.8,0,2021-06-01T06:15:00Z
247,1622529000000,13695.8,13714.7,13693.7,13711.9,0,2021-06-01T06:30:00Z
248,1622529900000,13711.9,13718.8,13708.3,13710.9,0,2021-06-01T06:45:00Z
249,1622530800000,13710.9,13719.5,13700.8,13705.2,0,2021-06-01T07:00:00Z
250,1622531700000,13705.2,13710.7,13703.4,13708.8,0,2021-06-01T07:15:00Z
251,1622532600000,13708.8,13721.2,13708.3,13719.5,0,2021-06-01T07:30:00Z
252,1622533500000,13719.5,13721.9,13709.7,13721.2,0,2021-06-01T07:45:00Z
253,1622534400000,13721.2,13730.7,13717.0,13718.2,0,2021-06-01T08:00:00Z
254,1622535300000,13718.2,13722.8,13715.2,13719.9,0,2021-06-01T08:15:00Z
255,1622536200000,13719.9,13723.9,13717.3,13722.2,0,2021-06-01T08:30:00Z
256,1622537100000,13722.2,13740.9,13721.4,13739.0,0,2021-06-01T08:45:00Z
257,1622538000000,13739.0,13741.2,13737.0,13739.4,0,2021-06-01T09:00:00Z
258,1622538900000,13739.4,13749.5,13738.8,13745.4,0,2021-06-01T09:15:00Z
259,1622539800000,13745.4,13751.7,13744.8,13748.9,0,2021-06-01T09:30:00Z
260,1622540700000,13748.9,13752.3,13739.0,13742.4,0,2021-06-01T09:45:00Z
261,1622541600000,13742.4,13747.8,13742.0,13745.4,0,2021-06-01T10:00:00Z
262,1622542500000,13745.4,13750.7,13744.5,13747.2,0,2021-06-01T10:15:00Z
263,1622543400000,13747.2,13747.7,13740.4,13742.2,0,2021-06-01T10:30:00Z
264,1622544300000,13742.2,13745.0,13738.9,13740.3,0,2021-06-01T10:45:00Z
265,1622545200000,13740.3,13746.0,13733.9,13744.8,0,2021-06-01T11:00:00Z
266,1622546100000,13744.8,13760.9,13744.3,13752.5,0,2021-06-01T11:15:00Z
267,1622547000000,13752.5,13753.2,13742.2,13744.5,0,2021-06-01T11:30:00Z
268,1622547900000,13744.5,13747.4,13741.2,13744.7,0,2021-06-01T11:45:00Z
269,1622548800000,13744.7,13752.3,13743.2,13750.7,0,2021-06-01T12:00:00Z
270,1622549700000,13750.7,13752.5,13746.5,13749.7,0,2021-06-01T12:15:00Z
271,1622550600000,13749.7,13750.4,13738.0,13740.7,0,2021-06-01T12:30:00Z
272,1622551500000,13740.7,13745.3,13734.2,13745.2,0,2021-06-01T12:45:00Z
273,1622552400000,13745.2,13750.9,13739.9,13750.5,0,2021-06-01T13:00:00Z
274,1622553300000,13750.5,13756.8,13747.3,13756.7,0,2021-06-01T13:15:00Z
275,1622554200000,13756.7,13777.2,13745.2,13757.4,0,2021-06-01T13:30:00Z
276,1622555100000,13757.4,13765.3,13710.0,13727.8,0,2021-06-01T13:45:00Z
277,1622556000000,13727.8,13735.3,13658.6,13660.4,0,2021-06-01T14:00:00Z
278,1622556900000,13660.4,13667.9,13632.4,13667.8,0,2021-06-01T14:15:00Z
279,1622557800000,13667.8,13680.5,13661.4,13663.0,0,2021-06-01T14:30:00Z
280,1622558700000,13663.0,13664.6,13597.3,13619.8,0,2021-06-01T14:45:00Z
281,1622559600000,13619.8,13638.0,13605.8,13635.5,0,2021-06-01T15:00:00Z
282,1622560500000,13635.5,13655.7,13632.0,13653.2,0,2021-06-01T15:15:00Z
283,1622561400000,13653.2,13671.2,13646.1,13659.2,0,2021-06-01T15:30:00Z
284,1622562300000,13659.2,13667.5,13647.5,13664.0,0,2021-06-01T15:45:00Z
285,1622563200000,13664.0,13667.2,13644.5,13651.5,0,2021-06-01T16:00:00Z
286,1622564100000,13651.5,13670.6,13646.2,13666.5,0,2021-06-01T16:15:00Z
287,1622565000000,13666.5,13680.3,13660.5,13677.7,0,2021-06-01T16:30:00Z
288,1622565900000,13677.7,13680.0,13661.2,13669.2,0,2021-06-01T16:45:00Z
289,1622566800000,13669.2,13669.2,13645.6,13650.6,0,2021-06-01T17:00:00Z
290,1622567700000,13650.6,13657.7,13641.0,13655.6,0,2021-06-01T17:15:00Z
291,1622568600000,13655.6,13659.7,13650.6,13655.1,0,2021-06-01T17:30:00Z
292,1622569500000,13655.1,13667.8,13653.0,13665.0,0,2021-06-01T17:45:00Z
293,1622570400000,13665.0,13670.6,13658.1,13665.2,0,2021-06-01T18:00:00Z
294,1622571300000,13665.2,13677.5,13662.3,13673.0,0,2021-06-01T18:15:00Z
295,1622572200000,13673.0,13695.7,13669.6,13690.5,0,2021-06-01T18:30:00Z
296,1622573100000,13690.5,13697.8,13687.6,13693.7,0,2021-06-01T18:45:00Z
297,1622574000000,13693.7,13695.1,13682.6,13686.7,0,2021-06-01T19:00:00Z
298,1622574900000,13686.7,13689.3,13673.3,13674.0,0,2021-06-01T19:15:00Z
299,1622575800000,13674.0,13674.7,13655.3,13658.7,0,2021-06-01T19:30:00Z
300,1622576700000,13658.7,13673.2,13649.5,13654.8,0,2021-06-01T19:45:00Z
301,1622577600000,13654.8,13660.7,13648.3,13654.7,0,2021-06-01T20:00:00Z
302,1622579400000,13654.7,13658.9,13653.8,13655.8,0,2021-06-01T20:30:00Z
303,1622580300000,13655.8,13656.7,13647.0,13652.4,0,2021-06-01T20:45:00Z
304,1622581200000,13652.4,13652.4,13652.3,13652.3,0,2021-06-01T21:00:00Z
305,1622584800000,13652.3,13652.3,13629.7,13636.5,0,2021-06-01T22:00:00Z
306,1622585700000,13636.5,13646.6,13636.2,13639.7,0,2021-06-01T22:15:00Z
307,1622586600000,13639.7,13642.0,13627.7,13633.7,0,2021-06-01T22:30:00Z
308,1622587500000,13633.7,13633.7,13628.4,13629.1,0,2021-06-01T22:45:00Z
309,1622588400000,13629.1,13635.1,13626.0,13629.5,0,2021-06-01T23:00:00Z
310,1622589300000,13629.5,13635.0,13627.5,13633.9,0,2021-06-01T23:15:00Z
311,1622590200000,13633.9,13640.2,13632.2,13634.0,0,2021-06-01T23:30:00Z
312,1622591100000,13634.0,13638.4,13628.7,13638.4,0,2021-06-01T23:45:00Z
313,1622592000000,13638.4,13644.2,13629.5,13642.1,0,2021-06-02T00:00:00Z
314,1622592900000,13642.1,13656.2,13640.9,13654.5,0,2021-06-02T00:15:00Z
315,1622593800000,13654.5,13660.5,13648.7,13649.2,0,2021-06-02T00:30:00Z
316,1622594700000,13649.2,13656.9,13646.0,13655.5,0,2021-06-02T00:45:00Z
317,1622595600000,13655.5,13657.7,13649.0,13657.7,0,2021-06-02T01:00:00Z
318,1622596500000,13657.7,13661.6,13647.6,13647.6,0,2021-06-02T01:15:00Z
319,1622597400000,13647.6,13653.2,13642.0,13652.4,0,2021-06-02T01:30:00Z
320,1622598300000,13652.4,13656.4,13647.6,13649.5,0,2021-06-02T01:45:00Z
321,1622599200000,13649.5,13652.2,13642.9,13650.7,0,2021-06-02T02:00:00Z
322,1622600100000,13650.7,13661.2,13648.7,13659.0,0,2021-06-02T02:15:00Z
323,1622601000000,13659.0,13661.1,13657.5,13657.5,0,2021-06-02T02:30:00Z
324,1622601900000,13657.5,13657.9,13647.9,13648.0,0,2021-06-02T02:45:00Z
325,1622602800000,13648.0,13656.5,13647.0,13653.5,0,2021-06-02T03:00:00Z
326,1622603700000,13653.5,13656.2,13644.5,13644.5,0,2021-06-02T03:15:00Z
327,1622604600000,13644.5,13647.5,13641.0,13645.1,0,2021-06-02T03:30:00Z
328,1622605500000,13645.1,13647.9,13644.7,13646.4,0,2021-06-02T03:45:00Z
329,1622606400000,13646.4,13647.0,13639.0,13644.0,0,2021-06-02T04:00:00Z
330,1622607300000,13644.0,13646.5,13641.9,13642.0,0,2021-06-02T04:15:00Z
331,1622608200000,13642.0,13646.9,13639.9,13646.2,0,2021-06-02T04:30:00Z
332,1622609100000,13646.2,13646.6,13641.9,13644.2,0,2021-06-02T04:45:00Z
333,1622610000000,13644.2,13655.5,13642.2,13651.6,0,2021-06-02T05:00:00Z
334,1622610900000,13651.6,13655.9,13650.6,13651.6,0,2021-06-02T05:15:00Z
335,1622611800000,13651.6,13661.1,13650.7,13659.5,0,2021-06-02T05:30:00Z
336,1622612700000,13659.5,13664.4,13652.0,13652.4,0,2021-06-02T05:45:00Z
337,1622613600000,13652.4,13652.4,13641.9,13645.9,0,2021-06-02T06:00:00Z
338,1622614500000,13645.9,13648.9,13637.0,13640.9,0,2021-06-02T06:15:00Z
339,1622615400000,13640.9,13647.4,13639.4,13640.9,0,2021-06-02T06:30:00Z
340,1622616300000,13640.9,13648.0,13638.5,13648.0,0,2021-06-02T06:45:00Z
341,1622617200000,13648.0,13659.4,13639.7,13655.2,0,2021-06-02T07:00:00Z
342,1622618100000,13655.2,13655.7,13628.0,13631.6,0,2021-06-02T07:15:00Z
343,1622619000000,13631.6,13636.2,13620.4,13633.7,0,2021-06-02T07:30:00Z
344,1622619900000,13633.7,13635.7,13627.7,13634.2,0,2021-06-02T07:45:00Z
345,1622620800000,13634.2,13645.7,13633.6,13644.6,0,2021-06-02T08:00:00Z
346,1622621700000,13644.6,13646.1,13630.2,13632.0,0,2021-06-02T08:15:00Z
347,1622622600000,13632.0,13636.6,13625.1,13625.6,0,2021-06-02T08:30:00Z
348,1622623500000,13625.6,13634.4,13622.4,13627.9,0,2021-06-02T08:45:00Z
349,1622624400000,13627.9,13634.7,13624.7,13627.0,0,2021-06-02T09:00:00Z
350,1622625300000,13627.0,13637.0,13624.7,13636.0,0,2021-06-02T09:15:00Z
351,1622626200000,13636.0,13637.9,13632.1,13634.6,0,2021-06-02T09:30:00Z
352,1622627100000,13634.6,13643.9,13632.2,13641.1,0,2021-06-02T09:45:00Z
353,1622628000000,13641.1,13643.0,13635.7,13637.4,0,2021-06-02T10:00:00Z
354,1622628900000,13637.4,13640.9,13633.2,13640.9,0,2021-06-02T10:15:00Z
355,1622629800000,13640.9,13646.7,13637.9,13644.1,0,2021-06-02T10:30:00Z
356,1622630700000,13644.1,13650.2,13642.2,13647.9,0,2021-06-02T10:45:00Z
357,1622631600000,13647.9,13659.1,13646.2,13657.4,0,2021-06-02T11:00:00Z
358,1622632500000,13657.4,13661.4,13643.1,13650.6,0,2021-06-02T11:15:00Z
359,1622633400000,13650.6,13659.9,13648.0,13656.7,0,2021-06-02T11:30:00Z
360,1622634300000,13656.7,13658.7,13651.4,13657.1,0,2021-06-02T11:45:00Z
361,1622635200000,13657.1,13660.4,13652.4,13656.4,0,2021-06-02T12:00:00Z
362,1622636100000,13656.4,13675.9,13656.2,13670.4,0,2021-06-02T12:15:00Z
363,1622637000000,13670.4,13676.9,13665.9,13671.4,0,2021-06-02T12:30:00Z
364,1622637900000,13671.4,13675.2,13666.4,13674.1,0,2021-06-02T12:45:00Z
365,1622638800000,13674.1,13679.9,13666.9,13668.6,0,2021-06-02T13:00:00Z
366,1622639700000,13668.6,13674.0,13667.0,13671.4,0,2021-06-02T13:15:00Z
367,1622640600000,13671.4,13690.9,13655.4,13685.9,0,2021-06-02T13:30:00Z
368,1622641500000,13685.9,13711.7,13681.6,13682.9,0,2021-06-02T13:45:00Z
369,1622642400000,13682.9,13692.2,13661.2,13670.4,0,2021-06-02T14:00:00Z
370,1622643300000,13670.4,13704.6,13669.9,13702.9,0,2021-06-02T14:15:00Z
371,1622644200000,13702.9,13715.7,13692.4,13706.1,0,2021-06-02T14:30:00Z
372,1622645100000,13706.1,13713.4,13677.7,13687.6,0,2021-06-02T14:45:00Z
373,1622646000000,13687.6,13701.4,13679.7,13697.7,0,2021-06-02T15:00:00Z
374,1622646900000,13697.7,13702.2,13681.6,13700.3,0,2021-06-02T15:15:00Z
375,1622647800000,13700.3,13706.6,13694.1,13705.6,0,2021-06-02T15:30:00Z
376,1622648700000,13705.6,13709.1,13695.8,13699.6,0,2021-06-02T15:45:00Z
377,1622649600000,13699.6,13702.2,13689.6,13694.2,0,2021-06-02T16:00:00Z
378,1622650500000,13694.2,13698.6,13659.6,13667.4,0,2021-06-02T16:15:00Z
379,1622651400000,13667.4,13674.2,13660.2,13673.4,0,2021-06-02T16:30:00Z
380,1622652300000,13673.4,13678.4,13671.3,13673.2,0,2021-06-02T16:45:00Z
381,1622653200000,13673.2,13678.9,13664.1,13669.1,0,2021-06-02T17:00:00Z
382,1622654100000,13669.1,13670.7,13625.8,13634.2,0,2021-06-02T17:15:00Z
383,1622655000000,13634.2,13648.4,13631.1,13638.9,0,2021-06-02T17:30:00Z
384,1622655900000,13638.9,13643.2,13616.9,13631.7,0,2021-06-02T17:45:00Z
385,1622656800000,13631.7,13640.2,13607.1,13609.1,0,2021-06-02T18:00:00Z
386,1622657700000,13609.1,13637.1,13606.4,13634.1,0,2021-06-02T18:15:00Z
387,1622658600000,13634.1,13640.1,13626.3,13632.3,0,2021-06-02T18:30:00Z
388,1622659500000,13632.3,13643.8,13629.4,13639.9,0,2021-06-02T18:45:00Z
389,1622660400000,13639.9,13647.4,13629.7,13645.1,0,2021-06-02T19:00:00Z
390,1622661300000,13645.1,13648.1,13641.4,13643.7,0,2021-06-02T19:15:00Z
391,1622662200000,13643.7,13658.6,13635.3,13657.7,0,2021-06-02T19:30:00Z
392,1622663100000,13657.7,13681.2,13653.7,13677.8,0,2021-06-02T19:45:00Z
393,1622664000000,13677.8,13681.7,13673.7,13680.7,0,2021-06-02T20:00:00Z
394,1622665800000,13680.7,13680.7,13666.7,13674.4,0,2021-06-02T20:30:00Z
395,1622666700000,13674.4,13681.7,13672.6,13680.8,0,2021-06-02T20:45:00Z
396,1622667600000,13680.8,13680.8,13675.4,13675.4,0,2021-06-02T21:00:00Z
397,1622671200000,13675.4,13688.8,13675.4,13683.3,0,2021-06-02T22:00:00Z
398,1622672100000,13683.3,13685.8,13682.6,13685.5,0,2021-06-02T22:15:00Z
399,1622673000000,13685.5,13686.8,13679.3,13679.9,0,2021-06-02T22:30:00Z
400,1622673900000,13679.9,13682.0,13678.4,13681.5,0,2021-06-02T22:45:00Z
401,1622674800000,13681.5,13684.0,13679.3,13679.8,0,2021-06-02T23:00:00Z
402,1622675700000,13679.8,13679.9,13676.3,13679.0,0,2021-06-02T23:15:00Z
403,1622676600000,13679.0,13683.4,13679.0,13683.0,0,2021-06-02T23:30:00Z
404,1622677500000,13683.0,13690.8,13682.5,13688.8,0,2021-06-02T23:45:00Z
405,1622678400000,13688.8,13703.6,13685.0,13700.5,0,2021-06-03T00:00:00Z
406,1622679300000,13700.5,13705.0,13698.5,13703.0,0,2021-06-03T00:15:00Z
407,1622680200000,13703.0,13707.1,13702.8,13705.4,0,2021-06-03T00:30:00Z
408,1622681100000,13705.4,13708.6,13701.1,13705.6,0,2021-06-03T00:45:00Z
409,1622682000000,13705.6,13706.1,13698.8,13699.5,0,2021-06-03T01:00:00Z
410,1622682900000,13699.5,13703.6,13693.1,13702.8,0,2021-06-03T01:15:00Z
411,1622683800000,13702.8,13706.0,13697.4,13700.6,0,2021-06-03T01:30:00Z
412,1622684700000,13700.6,13701.0,13693.5,13698.4,0,2021-06-03T01:45:00Z
413,1622685600000,13698.4,13702.1,13697.6,13701.0,0,2021-06-03T02:00:00Z
414,1622686500000,13701.0,13701.8,13696.4,13697.3,0,2021-06-03T02:15:00Z
415,1622687400000,13697.3,13697.9,13683.0,13689.5,0,2021-06-03T02:30:00Z
416,1622688300000,13689.5,13695.0,13687.6,13691.5,0,2021-06-03T02:45:00Z
417,1622689200000,13691.5,13693.5,13688.6,13692.3,0,2021-06-03T03:00:00Z
418,1622690100000,13692.3,13693.1,13685.4,13686.1,0,2021-06-03T03:15:00Z
419,1622691000000,13686.1,13692.3,13685.8,13690.6,0,2021-06-03T03:30:00Z
420,1622691900000,13690.6,13691.1,13687.1,13690.0,0,2021-06-03T03:45:00Z
421,1622692800000,13690.0,13694.0,13689.8,13693.8,0,2021-06-03T04:00:00Z
422,1622693700000,13693.8,13694.3,13691.0,13691.5,0,2021-06-03T04:15:00Z
423,1622694600000,13691.5,13692.0,13689.9,13690.3,0,2021-06-03T04:30:00Z
424,1622695500000,13690.3,13691.1,13687.4,13687.6,0,2021-06-03T04:45:00Z
425,1622696400000,13687.6,13695.5,13685.5,13695.0,0,2021-06-03T05:00:00Z
426,1622697300000,13695.0,13699.1,13693.5,13695.9,0,2021-06-03T05:15:00Z
427,1622698200000,13695.9,13696.1,13688.9,13691.8,0,2021-06-03T05:30:00Z
428,1622699100000,13691.8,13695.6,13690.6,13694.4,0,2021-06-03T05:45:00Z
429,1622700000000,13694.4,13697.6,13686.8,13688.5,0,2021-06-03T06:00:00Z
430,1622700900000,13688.5,13688.6,13676.4,13680.5,0,2021-06-03T06:15:00Z
431,1622701800000,13680.5,13681.5,13664.8,13667.9,0,2021-06-03T06:30:00Z
432,1622702700000,13667.9,13669.9,13656.6,13665.0,0,2021-06-03T06:45:00Z
433,1622703600000,13665.0,13666.3,13652.5,13657.8,0,2021-06-03T07:00:00Z
434,1622704500000,13657.8,13665.5,13652.8,13663.4,0,2021-06-03T07:15:00Z
435,1622705400000,13663.4,13667.0,13660.9,13663.3,0,2021-06-03T07:30:00Z
436,1622706300000,13663.3,13665.0,13650.1,13656.0,0,2021-06-03T07:45:00Z
437,1622707200000,13656.0,13664.1,13651.4,13657.0,0,2021-06-03T08:00:00Z
438,1622708100000,13657.0,13661.5,13654.4,13661.5,0,2021-06-03T08:15:00Z
439,1622709000000,13661.5,13669.3,13660.6,13668.0,0,2021-06-03T08:30:00Z
440,1622709900000,13668.0,13670.6,13664.4,13668.9,0,2021-06-03T08:45:00Z
441,1622710800000,13668.9,13668.9,13654.9,13655.6,0,2021-06-03T09:00:00Z
442,1622711700000,13655.6,13658.5,13633.1,13638.8,0,2021-06-03T09:15:00Z
443,1622712600000,13638.8,13647.1,13634.4,13645.6,0,2021-06-03T09:30:00Z
444,1622713500000,13645.6,13646.8,13638.6,13644.9,0,2021-06-03T09:45:00Z
445,1622714400000,13644.9,13646.8,13619.5,13623.8,0,2021-06-03T10:00:00Z
446,1622715300000,13623.8,13634.8,13622.3,13630.8,0,2021-06-03T10:15:00Z
447,1622716200000,13630.8,13632.9,13600.5,13607.5,0,2021-06-03T10:30:00Z
448,1622717100000,13607.5,13612.5,13570.4,13579.9,0,2021-06-03T10:45:00Z
449,1622718000000,13579.9,13582.9,13542.3,13559.8,0,2021-06-03T11:00:00Z
450,1622718900000,13559.8,13560.0,13538.9,13556.8,0,2021-06-03T11:15:00Z
451,1622719800000,13556.8,13566.1,13546.6,13553.4,0,2021-06-03T11:30:00Z
452,1622720700000,13553.4,13553.4,13521.0,13535.6,0,2021-06-03T11:45:00Z
453,1622721600000,13535.6,13537.5,13518.8,13526.4,0,2021-06-03T12:00:00Z
454,1622722500000,13526.4,13543.5,13513.5,13534.1,0,2021-06-03T12:15:00Z
455,1622723400000,13534.1,13556.3,13525.6,13554.8,0,2021-06-03T12:30:00Z
456,1622724300000,13554.8,13563.1,13545.4,13547.4,0,2021-06-03T12:45:00Z
457,1622725200000,13547.4,13557.0,13547.4,13556.6,0,2021-06-03T13:00:00Z
458,1622726100000,13556.6,13566.0,13552.4,13557.3,0,2021-06-03T13:15:00Z
459,1622727000000,13557.3,13571.1,13491.1,13491.1,0,2021-06-03T13:30:00Z
460,1622727900000,13491.1,13507.5,13464.8,13499.8,0,2021-06-03T13:45:00Z
461,1622728800000,13499.8,13552.3,13491.6,13546.5,0,2021-06-03T14:00:00Z
462,1622729700000,13546.5,13547.6,13513.5,13517.3,0,2021-06-03T14:15:00Z
463,1622730600000,13517.3,13533.3,13485.8,13494.8,0,2021-06-03T14:30:00Z
464,1622731500000,13494.8,13583.9,13486.9,13583.5,0,2021-06-03T14:45:00Z
465,1622732400000,13583.5,13614.4,13580.4,13599.3,0,2021-06-03T15:00:00Z
466,1622733300000,13599.3,13601.9,13561.6,13572.1,0,2021-06-03T15:15:00Z
467,1622734200000,13572.1,13577.9,13538.5,13552.8,0,2021-06-03T15:30:00Z
468,1622735100000,13552.8,13554.5,13531.0,13554.4,0,2021-06-03T15:45:00Z
469,1622736000000,13554.4,13572.5,13548.1,13555.6,0,2021-06-03T16:00:00Z
470,1622736900000,13555.6,13561.1,13537.3,13558.6,0,2021-06-03T16:15:00Z
471,1622737800000,13558.6,13576.7,13545.8,13573.3,0,2021-06-03T16:30:00Z
472,1622738700000,13573.3,13583.9,13562.8,13582.6,0,2021-06-03T16:45:00Z
473,1622739600000,13582.6,13588.8,13549.8,13566.8,0,2021-06-03T17:00:00Z
474,1622740500000,13566.8,13596.2,13565.3,13593.8,0,2021-06-03T17:15:00Z
475,1622741400000,13593.8,13598.2,13566.5,13573.0,0,2021-06-03T17:30:00Z
476,1622742300000,13573.0,13579.9,13557.3,13569.5,0,2021-06-03T17:45:00Z
477,1622743200000,13569.5,13577.0,13559.3,13565.3,0,2021-06-03T18:00:00Z
478,1622744100000,13565.3,13565.3,13547.3,13548.1,0,2021-06-03T18:15:00Z
479,1622745000000,13548.1,13559.3,13540.5,13547.8,0,2021-06-03T18:30:00Z
480,1622745900000,13547.8,13552.0,13535.3,13536.5,0,2021-06-03T18:45:00Z
481,1622746800000,13536.5,13554.8,13535.8,13553.8,0,2021-06-03T19:00:00Z
482,1622747700000,13553.8,13554.3,13532.4,13550.3,0,2021-06-03T19:15:00Z
483,1622748600000,13550.3,13556.8,13536.5,13537.1,0,2021-06-03T19:30:00Z
484,1622749500000,13537.1,13540.1,13522.8,13531.5,0,2021-06-03T19:45:00Z
485,1622750400000,13531.5,13538.8,13520.5,13521.3,0,2021-06-03T20:00:00Z
486,1622751300000,13521.3,13521.3,13521.1,13521.1,0,2021-06-03T20:15:00Z
487,1622752200000,13521.1,13530.8,13521.1,13529.8,0,2021-06-03T20:30:00Z
488,1622753100000,13529.8,13534.4,13524.9,13533.6,0,2021-06-03T20:45:00Z
489,1622754000000,13533.6,13533.6,13532.3,13532.3,0,2021-06-03T21:00:00Z
490,1622757600000,13532.3,13544.5,13532.3,13539.8,0,2021-06-03T22:00:00Z
491,1622758500000,13539.8,13541.1,13527.6,13529.9,0,2021-06-03T22:15:00Z
492,1622759400000,13529.9,13529.9,13519.9,13520.5,0,2021-06-03T22:30:00Z
493,1622760300000,13520.5,13528.0,13519.4,13527.3,0,2021-06-03T22:45:00Z
494,1622761200000,13527.3,13531.3,13515.6,13519.6,0,2021-06-03T23:00:00Z
495,1622762100000,13519.6,13523.8,13515.6,13515.6,0,2021-06-03T23:15:00Z
496,1622763000000,13515.6,13518.1,13507.4,13510.6,0,2021-06-03T23:30:00Z
497,1622763900000,13510.6,13512.4,13504.3,13506.3,0,2021-06-03T23:45:00Z
498,1622764800000,13506.3,13506.9,13485.6,13486.6,0,2021-06-04T00:00:00Z
499,1622765700000,13486.6,13489.1,13480.6,13486.3,0,2021-06-04T00:15:00Z
500,1622766600000,13486.3,13486.5,13470.8,13484.3,0,2021-06-04T00:30:00Z
501,1622767500000,13484.3,13495.0,13483.3,13492.5,0,2021-06-04T00:45:00Z
502,1622768400000,13492.5,13496.6,13491.3,13495.1,0,2021-06-04T01:00:00Z
503,1622769300000,13495.1,13498.6,13492.8,13497.0,0,2021-06-04T01:15:00Z
504,1622770200000,13497.0,13508.0,13490.8,13507.9,0,2021-06-04T01:30:00Z
505,1622771100000,13507.9,13513.9,13503.6,13508.0,0,2021-06-04T01:45:00Z
506,1622772000000,13508.0,13511.0,13505.0,13508.6,0,2021-06-04T02:00:00Z
507,1622772900000,13508.6,13518.3,13507.8,13516.0,0,2021-06-04T02:15:00Z
508,1622773800000,13516.0,13520.4,13514.4,13515.3,0,2021-06-04T02:30:00Z
509,1622774700000,13515.3,13518.4,13512.3,13514.9,0,2021-06-04T02:45:00Z
510,1622775600000,13514.9,13517.5,13511.3,13516.1,0,2021-06-04T03:00:00Z
511,1622776500000,13516.1,13524.4,13513.1,13522.6,0,2021-06-04T03:15:00Z
512,1622777400000,13522.6,13528.5,13521.4,13527.5,0,2021-06-04T03:30:00Z
513,1622778300000,13527.5,13535.8,13527.5,13532.5,0,2021-06-04T03:45:00Z
514,1622779200000,13532.5,13532.5,13528.8,13529.0,0,2021-06-04T04:00:00Z
515,1622780100000,13529.0,13533.9,13528.6,13530.3,0,2021-06-04T04:15:00Z
516,1622781000000,13530.3,13532.6,13520.5,13522.8,0,2021-06-04T04:30:00Z
517,1622781900000,13522.8,13526.4,13521.1,13525.3,0,2021-06-04T04:45:00Z
518,1622782800000,13525.3,13525.4,13503.5,13512.4,0,2021-06-04T05:00:00Z
519,1622783700000,13512.4,13532.5,13512.4,13530.0,0,2021-06-04T05:15:00Z
520,1622784600000,13530.0,13534.1,13516.5,13516.9,0,2021-06-04T05:30:00Z
521,1622785500000,13516.9,13517.4,13502.5,13505.6,0,2021-06-04T05:45:00Z
522,1622786400000,13505.6,13517.9,13505.0,13517.4,0,2021-06-04T06:00:00Z
523,1622787300000,13517.4,13519.9,13495.8,13499.6,0,2021-06-04T06:15:00Z
524,1622788200000,13499.6,13517.5,13499.6,13512.8,0,2021-06-04T06:30:00Z
525,1622789100000,13512.8,13529.6,13512.8,13519.5,0,2021-06-04T06:45:00Z
526,1622790000000,13519.5,13541.3,13508.1,13529.5,0,2021-06-04T07:00:00Z
527,1622790900000,13529.5,13534.8,13521.9,13531.4,0,2021-06-04T07:15:00Z
528,1622791800000,13531.4,13547.3,13527.4,13538.8,0,2021-06-04T07:30:00Z
529,1622792700000,13538.8,13540.9,13527.6,13528.9,0,2021-06-04T07:45:00Z
530,1622793600000,13528.9,13541.1,13525.5,13539.4,0,2021-06-04T08:00:00Z
531,1622794500000,13539.4,13549.3,13526.4,13533.1,0,2021-06-04T08:15:00Z
532,1622795400000,13533.1,13535.5,13524.5,13525.8,0,2021-06-04T08:30:00Z
533,1622796300000,13525.8,13533.8,13522.3,13528.0,0,2021-06-04T08:45:00Z
534,1622797200000,13528.0,13540.1,13525.9,13535.8,0,2021-06-04T09:00:00Z
535,1622798100000,13535.8,13539.0,13523.6,13527.1,0,2021-06-04T09:15:00Z
536,1622799000000,13527.1,13532.9,13523.8,13529.5,0,2021-06-04T09:30:00Z
537,1622799900000,13529.5,13545.5,13524.3,13539.8,0,2021-06-04T09:45:00Z
538,1622800800000,13539.8,13543.8,13534.3,13538.6,0,2021-06-04T10:00:00Z
539,1622801700000,13538.6,13540.5,13528.6,13533.0,0,2021-06-04T10:15:00Z
540,1622802600000,13533.0,13533.0,13504.5,13528.0,0,2021-06-04T10:30:00Z
541,1622803500000,13528.0,13540.8,13525.8,13537.6,0,2021-06-04T10:45:00Z
542,1622804400000,13537.6,13556.1,13537.6,13552.5,0,2021-06-04T11:00:00Z
543,1622805300000,13552.5,13559.3,13548.3,13553.9,0,2021-06-04T11:15:00Z
544,1622806200000,13553.9,13557.3,13542.3,13543.0,0,2021-06-04T11:30:00Z
545,1622807100000,13543.0,13560.0,13541.8,13559.5,0,2021-06-04T11:45:00Z
546,1622808000000,13559.5,13570.6,13553.6,13555.1,0,2021-06-04T12:00:00Z
547,1622808900000,13555.1,13556.3,13542.1,13554.0,0,2021-06-04T12:15:00Z
548,1622809800000,13554.0,13609.5,13529.9,13585.8,0,2021-06-04T12:30:00Z
549,1622810700000,13585.8,13606.3,13575.0,13601.1,0,2021-06-04T12:45:00Z
550,1622811600000,13601.1,13620.4,13595.8,13611.0,0,2021-06-04T13:00:00Z
551,1622812500000,13611.0,13617.9,13610.4,13613.0,0,2021-06-04T13:15:00Z
552,1622813400000,13613.0,13685.4,13609.0,13679.4,0,2021-06-04T13:30:00Z
553,1622814300000,13679.4,13707.8,13679.4,13701.4,0,2021-06-04T13:45:00Z
554,1622815200000,13701.4,13750.3,13701.4,13736.6,0,2021-06-04T14:00:00Z
555,1622816100000,13736.6,13753.3,13723.9,13728.6,0,2021-06-04T14:15:00Z
556,1622817000000,13728.6,13746.5,13721.4,13735.9,0,2021-06-04T14:30:00Z
557,1622817900000,13735.9,13755.5,13731.9,13734.9,0,2021-06-04T14:45:00Z
558,1622818800000,13734.9,13753.9,13730.4,13746.9,0,2021-06-04T15:00:00Z
559,1622819700000,13746.9,13768.8,13746.7,13763.8,0,2021-06-04T15:15:00Z
560,1622820600000,13763.8,13764.9,13749.8,13762.2,0,2021-06-04T15:30:00Z
561,1622821500000,13762.2,13762.3,13752.4,13756.7,0,2021-06-04T15:45:00Z
562,1622822400000,13756.7,13763.9,13747.2,13763.4,0,2021-06-04T16:00:00Z
563,1622823300000,13763.4,13763.5,13756.4,13757.4,0,2021-06-04T16:15:00Z
564,1622824200000,13757.4,13768.0,13757.4,13759.0,0,2021-06-04T16:30:00Z
565,1622825100000,13759.0,13762.5,13753.5,13760.5,0,2021-06-04T16:45:00Z
566,1622826000000,13760.5,13764.2,13754.9,13761.4,0,2021-06-04T17:00:00Z
567,1622826900000,13761.4,13767.1,13756.2,13759.7,0,2021-06-04T17:15:00Z
568,1622827800000,13759.7,13771.9,13759.7,13770.0,0,2021-06-04T17:30:00Z
569,1622828700000,13770.0,13778.1,13766.5,13775.4,0,2021-06-04T17:45:00Z
570,1622829600000,13775.4,13782.1,13772.4,13775.1,0,2021-06-04T18:00:00Z
571,1622830500000,13775.1,13780.9,13772.7,13775.9,0,2021-06-04T18:15:00Z
572,1622831400000,13775.9,13781.7,13775.4,13778.9,0,2021-06-04T18:30:00Z
573,1622832300000,13778.9,13783.5,13773.4,13775.3,0,2021-06-04T18:45:00Z
574,1622833200000,13775.3,13777.1,13767.1,13767.6,0,2021-06-04T19:00:00Z
575,1622834100000,13767.6,13771.9,13765.0,13767.3,0,2021-06-04T19:15:00Z
576,1622835000000,13767.3,13769.4,13756.4,13768.0,0,2021-06-04T19:30:00Z
577,1622835900000,13768.0,13783.3,13762.8,13767.8,0,2021-06-04T19:45:00Z
578,1622836800000,13767.8,13769.0,13756.3,13759.3,0,2021-06-04T20:00:00Z
579,1623016800000,13759.3,13784.1,13759.3,13773.0,0,2021-06-06T22:00:00Z
580,1623017700000,13773.0,13781.4,13771.9,13775.4,0,2021-06-06T22:15:00Z
581,1623018600000,13775.4,13775.9,13768.1,13769.6,0,2021-06-06T22:30:00Z
582,1623019500000,13769.6,13775.8,13769.6,13774.0,0,2021-06-06T22:45:00Z
583,1623020400000,13774.0,13777.4,13770.3,13771.3,0,2021-06-06T23:00:00Z
584,1623021300000,13771.3,13777.5,13770.4,13772.3,0,2021-06-06T23:15:00Z
585,1623022200000,13772.3,13775.4,13771.0,13771.9,0,2021-06-06T23:30:00Z
586,1623023100000,13771.9,13772.1,13766.4,13767.4,0,2021-06-06T23:45:00Z
587,1623024000000,13767.4,13768.1,13741.9,13755.9,0,2021-06-07T00:00:00Z
588,1623024900000,13755.9,13761.4,13749.4,13754.1,0,2021-06-07T00:15:00Z
589,1623025800000,13754.1,13755.3,13747.5,13751.5,0,2021-06-07T00:30:00Z
590,1623026700000,13751.5,13751.8,13744.5,13749.5,0,2021-06-07T00:45:00Z
591,1623027600000,13749.5,13750.4,13737.4,13740.9,0,2021-06-07T01:00:00Z
592,1623028500000,13740.9,13752.6,13740.9,13749.8,0,2021-06-07T01:15:00Z
593,1623029400000,13749.8,13751.8,13733.4,13739.1,0,2021-06-07T01:30:00Z
594,1623030300000,13739.1,13744.0,13733.6,13736.4,0,2021-06-07T01:45:00Z
595,1623031200000,13736.4,13740.8,13734.1,13740.5,0,2021-06-07T02:00:00Z
596,1623032100000,13740.5,13748.3,13738.6,13744.8,0,2021-06-07T02:15:00Z
597,1623033000000,13744.8,13751.1,13742.6,13749.3,0,2021-06-07T02:30:00Z
598,1623033900000,13749.3,13749.6,13740.4,13743.8,0,2021-06-07T02:45:00Z
599,1623034800000,13743.8,13748.3,13741.8,13744.4,0,2021-06-07T03:00:00Z
600,1623035700000,13744.4,13754.9,13743.3,13747.6,0,2021-06-07T03:15:00Z
601,1623036600000,13747.6,13749.0,13745.3,13745.6,0,2021-06-07T03:30:00Z
602,1623037500000,13745.6,13748.1,13745.4,13746.4,0,2021-06-07T03:45:00Z
603,1623038400000,13746.4,13746.6,13740.6,13743.0,0,2021-06-07T04:00:00Z
604,1623039300000,13743.0,13751.1,13743.0,13746.6,0,2021-06-07T04:15:00Z
605,1623040200000,13746.6,13746.8,13744.5,13746.3,0,2021-06-07T04:30:00Z
606,1623041100000,13746.3,13748.1,13742.1,13744.4,0,2021-06-07T04:45:00Z
607,1623042000000,13744.4,13748.3,13737.4,13739.4,0,2021-06-07T05:00:00Z
608,1623042900000,13739.4,13746.0,13739.0,13744.4,0,2021-06-07T05:15:00Z
609,1623043800000,13744.4,13745.3,13737.9,13738.9,0,2021-06-07T05:30:00Z
610,1623044700000,13738.9,13739.0,13731.5,13736.0,0,2021-06-07T05:45:00Z
611,1623045600000,13736.0,13742.8,13732.8,13742.8,0,2021-06-07T06:00:00Z
612,1623046500000,13742.8,13745.8,13734.3,13739.5,0,2021-06-07T06:15:00Z
613,1623047400000,13739.5,13742.9,13734.1,13737.5,0,2021-06-07T06:30:00Z
614,1623048300000,13737.5,13742.0,13735.0,13742.0,0,2021-06-07T06:45:00Z
615,1623049200000,13742.0,13746.8,13711.8,13714.4,0,2021-06-07T07:00:00Z
616,1623050100000,13714.4,13739.8,13710.6,13736.8,0,2021-06-07T07:15:00Z
617,1623051000000,13736.8,13739.8,13726.3,13726.8,0,2021-06-07T07:30:00Z
618,1623051900000,13726.8,13731.8,13720.6,13729.1,0,2021-06-07T07:45:00Z
619,1623052800000,13729.1,13729.1,13706.5,13722.5,0,2021-06-07T08:00:00Z
620,1623053700000,13722.5,13722.9,13713.3,13722.9,0,2021-06-07T08:15:00Z
621,1623054600000,13722.9,13729.3,13720.0,13728.6,0,2021-06-07T08:30:00Z
622,1623055500000,13728.6,13733.4,13725.8,13730.9,0,2021-06-07T08:45:00Z
623,1623056400000,13730.9,13731.4,13698.8,13708.6,0,2021-06-07T09:00:00Z
624,1623057300000,13708.6,13714.5,13691.8,13695.5,0,2021-06-07T09:15:00Z
625,1623058200000,13695.5,13709.8,13692.5,13709.3,0,2021-06-07T09:30:00Z
626,1623059100000,13709.3,13709.5,13702.6,13706.8,0,2021-06-07T09:45:00Z
627,1623060000000,13706.8,13709.0,13701.5,13705.8,0,2021-06-07T10:00:00Z
628,1623060900000,13705.8,13717.5,13701.8,13717.0,0,2021-06-07T10:15:00Z
629,1623061800000,13717.0,13723.0,13714.5,13721.5,0,2021-06-07T10:30:00Z
630,1623062700000,13721.5,13721.8,13710.5,13711.8,0,2021-06-07T10:45:00Z
631,1623063600000,13711.8,13737.3,13711.0,13734.5,0,2021-06-07T11:00:00Z
632,1623064500000,13734.5,13755.3,13734.0,13744.3,0,2021-06-07T11:15:00Z
633,1623065400000,13744.3,13748.8,13736.5,13741.5,0,2021-06-07T11:30:00Z
634,1623066300000,13741.5,13759.5,13740.8,13752.6,0,2021-06-07T11:45:00Z
635,1623067200000,13752.6,13755.0,13743.6,13747.5,0,2021-06-07T12:00:00Z
636,1623068100000,13747.5,13753.3,13742.3,13751.5,0,2021-06-07T12:15:00Z
637,1623069000000,13751.5,13769.3,13751.1,13763.8,0,2021-06-07T12:30:00Z
638,1623069900000,13763.8,13767.9,13755.4,13758.5,0,2021-06-07T12:45:00Z
639,1623070800000,13758.5,13758.9,13741.0,13743.0,0,2021-06-07T13:00:00Z
640,1623071700000,13743.0,13744.3,13731.4,13738.3,0,2021-06-07T13:15:00Z
641,1623072600000,13738.3,13764.4,13721.4,13739.3,0,2021-06-07T13:30:00Z
642,1623073500000,13739.3,13762.3,13727.1,13755.0,0,2021-06-07T13:45:00Z
643,1623074400000,13755.0,13757.0,13724.4,13732.6,0,2021-06-07T14:00:00Z
644,1623075300000,13732.6,13743.1,13712.8,13736.4,0,2021-06-07T14:15:00Z
645,1623076200000,13736.4,13745.6,13725.4,13736.2,0,2021-06-07T14:30:00Z
646,1623077100000,13736.2,13754.8,13722.8,13754.4,0,2021-06-07T14:45:00Z
647,1623078000000,13754.4,13755.4,13737.2,13746.9,0,2021-06-07T15:00:00Z
648,1623078900000,13746.9,13748.4,13724.5,13727.2,0,2021-06-07T15:15:00Z
649,1623079800000,13727.2,13736.7,13719.4,13729.7,0,2021-06-07T15:30:00Z
650,1623080700000,13729.7,13745.0,13725.9,13742.7,0,2021-06-07T15:45:00Z
651,1623081600000,13742.7,13762.3,13742.3,13761.5,0,2021-06-07T16:00:00Z
652,1623082500000,13761.5,13765.2,13751.5,13758.3,0,2021-06-07T16:15:00Z
653,1623083400000,13758.3,13766.3,13753.7,13762.5,0,2021-06-07T16:30:00Z
654,1623084300000,13762.5,13765.7,13758.3,13760.5,0,2021-06-07T16:45:00Z
655,1623085200000,13760.5,13768.3,13744.9,13752.0,0,2021-06-07T17:00:00Z
656,1623086100000,13752.0,13759.5,13747.5,13751.7,0,2021-06-07T17:15:00Z
657,1623087000000,13751.7,13755.9,13746.9,13748.5,0,2021-06-07T17:30:00Z
658,1623087900000,13748.5,13750.7,13735.5,13741.2,0,2021-06-07T17:45:00Z
659,1623088800000,13741.2,13758.7,13740.2,13758.4,0,2021-06-07T18:00:00Z
660,1623089700000,13758.4,13763.7,13754.5,13760.3,0,2021-06-07T18:15:00Z
661,1623090600000,13760.3,13764.8,13758.8,13761.0,0,2021-06-07T18:30:00Z
662,1623091500000,13761.0,13788.2,13757.0,13780.7,0,2021-06-07T18:45:00Z
663,1623092400000,13780.7,13795.9,13778.8,13793.4,0,2021-06-07T19:00:00Z
664,1623093300000,13793.4,13810.8,13792.5,13803.7,0,2021-06-07T19:15:00Z
665,1623094200000,13803.7,13807.0,13785.0,13785.0,0,2021-06-07T19:30:00Z
666,1623095100000,13785.0,13809.7,13783.3,13804.2,0,2021-06-07T19:45:00Z
667,1623096000000,13804.2,13814.0,13803.5,13814.0,0,2021-06-07T20:00:00Z
668,1623097800000,13814.0,13819.8,13810.9,13817.7,0,2021-06-07T20:30:00Z
669,1623098700000,13817.7,13825.8,13817.4,13825.4,0,2021-06-07T20:45:00Z
670,1623099600000,13825.4,13825.4,13823.9,13823.9,0,2021-06-07T21:00:00Z
671,1623103200000,13823.9,13828.4,13818.9,13821.8,0,2021-06-07T22:00:00Z
672,1623104100000,13821.8,13822.8,13818.0,13818.0,0,2021-06-07T22:15:00Z
673,1623105000000,13818.0,13821.0,13816.9,13817.7,0,2021-06-07T22:30:00Z
674,1623105900000,13817.7,13818.7,13814.7,13816.7,0,2021-06-07T22:45:00Z
675,1623106800000,13816.7,13824.8,13816.4,13823.5,0,2021-06-07T23:00:00Z
676,1623107700000,13823.5,13836.7,13820.0,13832.8,0,2021-06-07T23:15:00Z
677,1623108600000,13832.8,13834.2,13823.5,13824.3,0,2021-06-07T23:30:00Z
678,1623109500000,13824.3,13828.5,13820.8,13825.0,0,2021-06-07T23:45:00Z
679,1623110400000,13825.0,13845.4,13822.8,13841.0,0,2021-06-08T00:00:00Z
680,1623111300000,13841.0,13846.9,13837.9,13840.0,0,2021-06-08T00:15:00Z
681,1623112200000,13840.0,13843.9,13837.7,13841.2,0,2021-06-08T00:30:00Z
682,1623113100000,13841.2,13848.4,13839.3,13847.2,0,2021-06-08T00:45:00Z
683,1623114000000,13847.2,13867.7,13846.4,13865.8,0,2021-06-08T01:00:00Z
684,1623114900000,13865.8,13867.4,13857.0,13857.7,0,2021-06-08T01:15:00Z
685,1623115800000,13857.7,13860.9,13851.8,13860.4,0,2021-06-08T01:30:00Z
686,1623116700000,13860.4,13862.7,13854.3,13855.8,0,2021-06-08T01:45:00Z
687,1623117600000,13855.8,13859.9,13852.0,13855.0,0,2021-06-08T02:00:00Z
688,1623118500000,13855.0,13856.5,13847.2,13849.4,0,2021-06-08T02:15:00Z
689,1623119400000,13849.4,13852.0,13847.3,13848.0,0,2021-06-08T02:30:00Z
690,1623120300000,13848.0,13850.0,13834.2,13836.7,0,2021-06-08T02:45:00Z
691,1623121200000,13836.7,13842.0,13833.3,13841.4,0,2021-06-08T03:00:00Z
692,1623122100000,13841.4,13843.2,13837.9,13842.0,0,2021-06-08T03:15:00Z
693,1623123000000,13842.0,13842.5,13837.8,13838.0,0,2021-06-08T03:30:00Z
694,1623123900000,13838.0,13838.4,13828.7,13836.9,0,2021-06-08T03:45:00Z
695,1623124800000,13836.9,13837.5,13831.9,13833.5,0,2021-06-08T04:00:00Z
696,1623125700000,13833.5,13835.8,13832.5,13834.7,0,2021-06-08T04:15:00Z
697,1623126600000,13834.7,13836.8,13831.8,13834.3,0,2021-06-08T04:30:00Z
698,1623127500000,13834.3,13840.4,13832.4,13840.2,0,2021-06-08T04:45:00Z
699,1623128400000,13840.2,13842.2,13834.7,13836.5,0,2021-06-08T05:00:00Z
700,1623129300000,13836.5,13838.4,13825.2,13828.7,0,2021-06-08T05:15:00Z
701,1623130200000,13828.7,13829.5,13823.5,13827.3,0,2021-06-08T05:30:00Z
702,1623131100000,13827.3,13828.9,13821.4,13822.8,0,2021-06-08T05:45:00Z
703,1623132000000,13822.8,13839.0,13822.0,13835.2,0,2021-06-08T06:00:00Z
704,1623132900000,13835.2,13836.2,13826.5,13830.9,0,2021-06-08T06:15:00Z
705,1623133800000,13830.9,13835.7,13828.5,13832.3,0,2021-06-08T06:30:00Z
706,1623134700000,13832.3,13833.3,13824.5,13828.2,0,2021-06-08T06:45:00Z
707,1623135600000,13828.2,13831.3,13796.7,13804.9,0,2021-06-08T07:00:00Z
708,1623136500000,13804.9,13815.2,13798.5,13812.9,0,2021-06-08T07:15:00Z
709,1623137400000,13812.9,13813.4,13794.7,13801.9,0,2021-06-08T07:30:00Z
710,1623138300000,13801.9,13807.9,13799.0,13804.0,0,2021-06-08T07:45:00Z
711,1623139200000,13804.0,13811.7,13800.7,13802.7,0,2021-06-08T08:00:00Z
712,1623140100000,13802.7,13812.9,13802.4,13811.0,0,2021-06-08T08:15:00Z
713,1623141000000,13811.0,13820.8,13810.9,13818.4,0,2021-06-08T08:30:00Z
714,1623141900000,13818.4,13835.5,13817.9,13835.0,0,2021-06-08T08:45:00Z
715,1623142800000,13835.0,13845.2,13825.4,13838.2,0,2021-06-08T09:00:00Z
716,1623143700000,13838.2,13849.0,13838.2,13845.4,0,2021-06-08T09:15:00Z
717,1623144600000,13845.4,13847.7,13838.9,13840.2,0,2021-06-08T09:30:00Z
718,1623145500000,13840.2,13851.9,13839.9,13848.4,0,2021-06-08T09:45:00Z
719,1623146400000,13848.4,13848.8,13829.9,13833.2,0,2021-06-08T10:00:00Z
720,1623147300000,13833.2,13833.2,13790.2,13799.2,0,2021-06-08T10:15:00Z
721,1623148200000,13799.2,13840.2,13788.0,13829.7,0,2021-06-08T10:30:00Z
722,1623149100000,13829.7,13850.2,13829.7,13845.9,0,2021-06-08T10:45:00Z
723,1623150000000,13845.9,13865.9,13839.0,13864.0,0,2021-06-08T11:00:00Z
724,1623150900000,13864.0,13866.2,13855.4,13858.2,0,2021-06-08T11:15:00Z
725,1623151800000,13858.2,13877.5,13855.2,13874.9,0,2021-06-08T11:30:00Z
726,1623152700000,13874.9,13880.0,13870.5,13877.2,0,2021-06-08T11:45:00Z
727,1623153600000,13877.2,13885.7,13872.9,13875.9,0,2021-06-08T12:00:00Z
728,1623154500000,13875.9,13898.9,13874.7,13891.8,0,2021-06-08T12:15:00Z
729,1623155400000,13891.8,13897.5,13880.0,13888.9,0,2021-06-08T12:30:00Z
730,1623156300000,13888.9,13891.4,13872.9,13879.0,0,2021-06-08T12:45:00Z
731,1623157200000,13879.0,13884.9,13878.2,13881.3,0,2021-06-08T13:00:00Z
732,1623158100000,13881.3,13897.8,13878.5,13882.9,0,2021-06-08T13:15:00Z
733,1623159000000,13882.9,13918.7,13865.5,13912.7,0,2021-06-08T13:30:00Z
734,1623159900000,13912.7,13918.4,13834.0,13842.5,0,2021-06-08T13:45:00Z
735,1623160800000,13842.5,13857.2,13825.3,13852.2,0,2021-06-08T14:00:00Z
736,1623161700000,13852.2,13854.4,13828.9,13830.4,0,2021-06-08T14:15:00Z
737,1623162600000,13830.4,13838.2,13811.4,13832.7,0,2021-06-08T14:30:00Z
738,1623163500000,13832.7,13840.9,13800.0,13808.2,0,2021-06-08T14:45:00Z
739,1623164400000,13808.2,13824.2,13792.0,13793.0,0,2021-06-08T15:00:00Z
740,1623165300000,13793.0,13802.8,13742.6,13770.5,0,2021-06-08T15:15:00Z
741,1623166200000,13770.5,13788.3,13753.3,13786.2,0,2021-06-08T15:30:00Z
742,1623167100000,13786.2,13792.5,13770.7,13783.2,0,2021-06-08T15:45:00Z
743,1623168000000,13783.2,13801.8,13778.2,13801.2,0,2021-06-08T16:00:00Z
744,1623168900000,13801.2,13807.5,13786.5,13802.6,0,2021-06-08T16:15:00Z
745,1623169800000,13802.6,13814.2,13801.6,13810.5,0,2021-06-08T16:30:00Z
746,1623170700000,13810.5,13824.5,13807.8,13822.7,0,2021-06-08T16:45:00Z
747,1623171600000,13822.7,13823.0,13804.0,13804.0,0,2021-06-08T17:00:00Z
748,1623172500000,13804.0,13807.0,13797.2,13798.1,0,2021-06-08T17:15:00Z
749,1623173400000,13798.1,13814.0,13794.3,13813.0,0,2021-06-08T17:30:00Z
750,1623174300000,13813.0,13815.3,13799.3,13800.5,0,2021-06-08T17:45:00Z
751,1623175200000,13800.5,13812.6,13794.5,13804.5,0,2021-06-08T18:00:00Z
752,1623176100000,13804.5,13811.6,13800.4,13811.4,0,2021-06-08T18:15:00Z
753,1623177000000,13811.4,13820.0,13809.9,13815.4,0,2021-06-08T18:30:00Z
754,1623177900000,13815.4,13833.0,13811.9,13830.8,0,2021-06-08T18:45:00Z
755,1623178800000,13830.8,13837.9,13829.1,13834.5,0,2021-06-08T19:00:00Z
756,1623179700000,13834.5,13838.9,13816.5,13820.5,0,2021-06-08T19:15:00Z
757,1623180600000,13820.5,13826.4,13814.8,13818.5,0,2021-06-08T19:30:00Z
758,1623181500000,13818.5,13827.0,13807.6,13809.8,0,2021-06-08T19:45:00Z
759,1623182400000,13809.8,13819.5,13809.4,13815.5,0,2021-06-08T20:00:00Z
760,1623183300000,13815.5,13815.5,13815.4,13815.4,0,2021-06-08T20:15:00Z
761,1623184200000,13815.4,13815.4,13807.4,13809.0,0,2021-06-08T20:30:00Z
762,1623185100000,13809.0,13814.3,13807.6,13813.3,0,2021-06-08T20:45:00Z
763,1623189600000,13813.3,13817.0,13805.4,13812.6,0,2021-06-08T22:00:00Z
764,1623190500000,13812.6,13818.8,13811.8,13817.5,0,2021-06-08T22:15:00Z
765,1623191400000,13817.5,13819.8,13816.3,13816.8,0,2021-06-08T22:30:00Z
766,1623192300000,13816.8,13823.5,13816.6,13822.0,0,2021-06-08T22:45:00Z
767,1623193200000,13822.0,13823.1,13819.4,13820.3,0,2021-06-08T23:00:00Z
768,1623194100000,13820.3,13824.5,13814.6,13815.8,0,2021-06-08T23:15:00Z
769,1623195000000,13815.8,13824.8,13815.5,13819.0,0,2021-06-08T23:30:00Z
770,1623195900000,13819.0,13824.1,13817.9,13818.4,0,2021-06-08T23:45:00Z
771,1623196800000,13818.4,13823.5,13809.6,13818.6,0,2021-06-09T00:00:00Z
772,1623197700000,13818.6,13832.3,13815.3,13831.4,0,2021-06-09T00:15:00Z
773,1623198600000,13831.4,13834.4,13824.3,13827.5,0,2021-06-09T00:30:00Z
774,1623199500000,13827.5,13833.5,13826.1,13831.8,0,2021-06-09T00:45:00Z
775,1623200400000,13831.8,13833.0,13823.1,13827.6,0,2021-06-09T01:00:00Z
776,1623201300000,13827.6,13828.4,13815.1,13816.0,0,2021-06-09T01:15:00Z
777,1623202200000,13816.0,13820.9,13807.6,13820.0,0,2021-06-09T01:30:00Z
778,1623203100000,13820.0,13824.6,13814.8,13821.5,0,2021-06-09T01:45:00Z
779,1623204000000,13821.5,13823.4,13816.5,13816.8,0,2021-06-09T02:00:00Z
780,1623204900000,13816.8,13817.8,13813.4,13817.1,0,2021-06-09T02:15:00Z
781,1623205800000,13817.1,13819.1,13810.8,13817.8,0,2021-06-09T02:30:00Z
782,1623206700000,13817.8,13827.8,13817.8,13827.8,0,2021-06-09T02:45:00Z
783,1623207600000,13827.8,13832.6,13823.5,13829.8,0,2021-06-09T03:00:00Z
784,1623208500000,13829.8,13831.3,13821.6,13823.6,0,2021-06-09T03:15:00Z
785,1623209400000,13823.6,13828.0,13823.6,13825.4,0,2021-06-09T03:30:00Z
786,1623210300000,13825.4,13826.1,13820.1,13821.8,0,2021-06-09T03:45:00Z
787,1623211200000,13821.8,13825.0,13819.8,13822.9,0,2021-06-09T04:00:00Z
788,1623212100000,13822.9,13823.0,13818.3,13822.3,0,2021-06-09T04:15:00Z
789,1623213000000,13822.3,13823.3,13815.4,13818.4,0,2021-06-09T04:30:00Z
790,1623213900000,13818.4,13819.1,13815.6,13817.9,0,2021-06-09T04:45:00Z
791,1623214800000,13817.9,13818.5,13812.8,13818.0,0,2021-06-09T05:00:00Z
792,1623215700000,13818.0,13825.6,13817.9,13823.6,0,2021-06-09T05:15:00Z
793,1623216600000,13823.6,13823.6,13811.0,13816.1,0,2021-06-09T05:30:00Z
794,1623217500000,13816.1,13818.5,13811.5,13816.5,0,2021-06-09T05:45:00Z
795,1623218400000,13816.5,13821.0,13810.5,13813.1,0,2021-06-09T06:00:00Z
796,1623219300000,13813.1,13816.5,13809.9,13813.3,0,2021-06-09T06:15:00Z
797,1623220200000,13813.3,13826.6,13812.0,13826.5,0,2021-06-09T06:30:00Z
798,1623221100000,13826.5,13829.3,13822.4,13826.3,0,2021-06-09T06:45:00Z
799,1623222000000,13826.3,13826.6,13814.0,13819.0,0,2021-06-09T07:00:00Z
800,1623222900000,13819.0,13828.5,13817.8,13827.5,0,2021-06-09T07:15:00Z
801,1623223800000,13827.5,13846.1,13827.5,13832.8,0,2021-06-09T07:30:00Z
802,1623224700000,13832.8,13833.8,13816.8,13821.5,0,2021-06-09T07:45:00Z
803,1623225600000,13821.5,13843.3,13820.3,13836.3,0,2021-06-09T08:00:00Z
804,1623226500000,13836.3,13837.5,13826.1,13827.8,0,2021-06-09T08:15:00Z
805,1623227400000,13827.8,13839.3,13825.3,13832.0,0,2021-06-09T08:30:00Z
806,1623228300000,13832.0,13836.0,13829.0,13834.9,0,2021-06-09T08:45:00Z
807,1623229200000,13834.9,13836.6,13817.8,13822.9,0,2021-06-09T09:00:00Z
808,1623230100000,13822.9,13831.0,13819.3,13827.8,0,2021-06-09T09:15:00Z
809,1623231000000,13827.8,13830.8,13823.0,13823.8,0,2021-06-09T09:30:00Z
810,1623231900000,13823.8,13828.6,13819.1,13828.3,0,2021-06-09T09:45:00Z
811,1623232800000,13828.3,13837.6,13827.8,13833.8,0,2021-06-09T10:00:00Z
812,1623233700000,13833.8,13837.8,13829.5,13830.4,0,2021-06-09T10:15:00Z
813,1623234600000,13830.4,13847.3,13830.0,13846.5,0,2021-06-09T10:30:00Z
814,1623235500000,13846.5,13854.9,13846.5,13852.8,0,2021-06-09T10:45:00Z
815,1623236400000,13852.8,13862.0,13849.4,13852.5,0,2021-06-09T11:00:00Z
816,1623237300000,13852.5,13864.8,13851.3,13854.8,0,2021-06-09T11:15:00Z
817,1623238200000,13854.8,13854.8,13831.4,13853.3,0,2021-06-09T11:30:00Z
818,1623239100000,13853.3,13861.0,13851.0,13858.4,0,2021-06-09T11:45:00Z
819,1623240000000,13858.4,13860.0,13848.5,13857.5,0,2021-06-09T12:00:00Z
820,1623240900000,13857.5,13859.8,13843.8,13851.0,0,2021-06-09T12:15:00Z
821,1623241800000,13851.0,13872.8,13847.9,13865.9,0,2021-06-09T12:30:00Z
822,1623242700000,13865.9,13867.5,13860.1,13862.8,0,2021-06-09T12:45:00Z
823,1623243600000,13862.8,13872.6,13862.4,13867.0,0,2021-06-09T13:00:00Z
824,1623244500000,13867.0,13877.4,13863.3,13872.4,0,2021-06-09T13:15:00Z
825,1623245400000,13872.4,13891.5,13859.8,13884.0,0,2021-06-09T13:30:00Z
826,1623246300000,13884.0,13904.5,13844.6,13873.3,0,2021-06-09T13:45:00Z
827,1623247200000,13873.3,13881.0,13837.5,13840.3,0,2021-06-09T14:00:00Z
828,1623248100000,13840.3,13857.3,13827.1,13857.3,0,2021-06-09T14:15:00Z
829,1623249000000,13857.3,13864.0,13843.3,13863.3,0,2021-06-09T14:30:00Z
830,1623249900000,13863.3,13866.5,13836.4,13847.5,0,2021-06-09T14:45:00Z
831,1623250800000,13847.5,13865.8,13843.3,13847.0,0,2021-06-09T15:00:00Z
832,1623251700000,13847.0,13858.8,13844.5,13851.5,0,2021-06-09T15:15:00Z
833,1623252600000,13851.5,13852.6,13834.1,13843.3,0,2021-06-09T15:30:00Z
834,1623253500000,13843.3,13847.0,13817.4,13830.0,0,2021-06-09T15:45:00Z
835,1623254400000,13830.0,13848.6,13825.5,13848.1,0,2021-06-09T16:00:00Z
836,1623255300000,13848.1,13858.6,13843.3,13857.5,0,2021-06-09T16:15:00Z
837,1623256200000,13857.5,13864.8,13856.8,13863.1,0,2021-06-09T16:30:00Z
838,1623257100000,13863.1,13868.8,13859.6,13867.6,0,2021-06-09T16:45:00Z
839,1623258000000,13867.6,13875.6,13864.1,13864.5,0,2021-06-09T17:00:00Z
840,1623258900000,13864.5,13872.1,13862.0,13867.1,0,2021-06-09T17:15:00Z
841,1623259800000,13867.1,13875.8,13855.4,13860.4,0,2021-06-09T17:30:00Z
842,1623260700000,13860.4,13868.6,13858.5,13860.6,0,2021-06-09T17:45:00Z
843,1623261600000,13860.6,13870.3,13854.3,13856.6,0,2021-06-09T18:00:00Z
844,1623262500000,13856.6,13865.0,13853.6,13863.4,0,2021-06-09T18:15:00Z
845,1623263400000,13863.4,13866.6,13847.9,13848.3,0,2021-06-09T18:30:00Z
846,1623264300000,13848.3,13852.3,13839.5,13840.5,0,2021-06-09T18:45:00Z
847,1623265200000,13840.5,13843.5,13832.9,13837.3,0,2021-06-09T19:00:00Z
848,1623266100000,13837.3,13843.6,13821.3,13821.3,0,2021-06-09T19:15:00Z
849,1623267000000,13821.3,13829.4,13809.4,13810.1,0,2021-06-09T19:30:00Z
850,1623267900000,13810.1,13826.5,13808.8,13817.2,0,2021-06-09T19:45:00Z
851,1623268800000,13817.2,13821.6,13811.3,13817.3,0,2021-06-09T20:00:00Z
852,1623269700000,13817.3,13817.5,13817.3,13817.5,0,2021-06-09T20:15:00Z
853,1623270600000,13817.5,13818.6,13813.3,13815.2,0,2021-06-09T20:30:00Z
854,1623271500000,13815.2,13817.3,13810.5,13812.5,0,2021-06-09T20:45:00Z
855,1623272400000,13812.5,13813.5,13812.5,13813.5,0,2021-06-09T21:00:00Z
856,1623276000000,13813.5,13821.8,13813.5,13820.7,0,2021-06-09T22:00:00Z
857,1623276900000,13820.7,13824.2,13818.5,13818.5,0,2021-06-09T22:15:00Z
858,1623277800000,13818.5,13822.7,13818.2,13820.9,0,2021-06-09T22:30:00Z
859,1623278700000,13820.9,13820.9,13816.2,13818.7,0,2021-06-09T22:45:00Z
860,1623279600000,13818.7,13820.3,13812.2,13817.9,0,2021-06-09T23:00:00Z
861,1623280500000,13817.9,13823.3,13817.4,13823.2,0,2021-06-09T23:15:00Z
862,1623281400000,13823.2,13825.0,13817.5,13818.9,0,2021-06-09T23:30:00Z
863,1623282300000,13818.9,13818.9,13812.4,13815.8,0,2021-06-09T23:45:00Z
864,1623283200000,13815.8,13822.4,13814.3,13816.7,0,2021-06-10T00:00:00Z
865,1623284100000,13816.7,13829.0,13816.4,13826.4,0,2021-06-10T00:15:00Z
866,1623285000000,13826.4,13827.3,13824.0,13825.2,0,2021-06-10T00:30:00Z
867,1623285900000,13825.2,13828.0,13824.4,13825.2,0,2021-06-10T00:45:00Z
868,1623286800000,13825.2,13836.4,13821.5,13831.4,0,2021-06-10T01:00:00Z
869,1623287700000,13831.4,13831.7,13827.2,13829.2,0,2021-06-10T01:15:00Z
870,1623288600000,13829.2,13836.8,13826.9,13835.2,0,2021-06-10T01:30:00Z
871,1623289500000,13835.2,13837.7,13829.2,13830.9,0,2021-06-10T01:45:00Z
872,1623290400000,13830.9,13834.4,13828.2,13830.9,0,2021-06-10T02:00:00Z
873,1623291300000,13830.9,13836.3,13829.8,13836.0,0,2021-06-10T02:15:00Z
874,1623292200000,13836.0,13839.9,13830.4,13830.8,0,2021-06-10T02:30:00Z
875,1623293100000,13830.8,13832.3,13827.7,13830.2,0,2021-06-10T02:45:00Z
876,1623294000000,13830.2,13833.2,13829.7,13832.7,0,2021-06-10T03:00:00Z
877,1623294900000,13832.7,13833.8,13825.7,13828.8,0,2021-06-10T03:15:00Z
878,1623295800000,13828.8,13833.2,13828.7,13832.7,0,2021-06-10T03:30:00Z
879,1623296700000,13832.7,13835.0,13830.9,13833.9,0,2021-06-10T03:45:00Z
880,1623297600000,13833.9,13836.3,13833.5,13834.9,0,2021-06-10T04:00:00Z
881,1623298500000,13834.9,13835.5,13831.5,13832.4,0,2021-06-10T04:15:00Z
882,1623299400000,13832.4,13832.7,13830.9,13832.2,0,2021-06-10T04:30:00Z
883,1623300300000,13832.2,13835.0,13829.2,13830.8,0,2021-06-10T04:45:00Z
884,1623301200000,13830.8,13832.2,13826.4,13828.7,0,2021-06-10T05:00:00Z
885,1623302100000,13828.7,13829.4,13823.0,13827.4,0,2021-06-10T05:15:00Z
886,1623303000000,13827.4,13828.5,13817.4,13822.2,0,2021-06-10T05:30:00Z
887,1623303900000,13822.2,13824.5,13818.7,13820.9,0,2021-06-10T05:45:00Z
888,1623304800000,13820.9,13822.5,13812.9,13819.2,0,2021-06-10T06:00:00Z
889,1623305700000,13819.2,13819.9,13816.2,13817.7,0,2021-06-10T06:15:00Z
890,1623306600000,13817.7,13818.7,13787.5,13804.7,0,2021-06-10T06:30:00Z
891,1623307500000,13804.7,13809.0,13800.0,13802.8,0,2021-06-10T06:45:00Z
892,1623308400000,13802.8,13806.9,13775.3,13784.8,0,2021-06-10T07:00:00Z
893,1623309300000,13784.8,13801.2,13783.5,13789.2,0,2021-06-10T07:15:00Z
894,1623310200000,13789.2,13800.4,13781.9,13795.2,0,2021-06-10T07:30:00Z
895,1623311100000,13795.2,13804.7,13791.7,13801.9,0,2021-06-10T07:45:00Z
896,1623312000000,13801.9,13803.4,13779.3,13786.7,0,2021-06-10T08:00:00Z
897,1623312900000,13786.7,13787.4,13766.4,13766.4,0,2021-06-10T08:15:00Z
898,1623313800000,13766.4,13786.9,13765.0,13782.9,0,2021-06-10T08:30:00Z
899,1623314700000,13782.9,13788.7,13776.7,13787.7,0,2021-06-10T08:45:00Z
900,1623315600000,13787.7,13793.7,13786.2,13787.0,0,2021-06-10T09:00:00Z
901,1623316500000,13787.0,13794.0,13779.8,13784.8,0,2021-06-10T09:15:00Z
902,1623317400000,13784.8,13790.8,13781.7,13785.3,0,2021-06-10T09:30:00Z
903,1623318300000,13785.3,13785.3,13769.7,13782.4,0,2021-06-10T09:45:00Z
904,1623319200000,13782.4,13788.9,13781.8,13783.2,0,2021-06-10T10:00:00Z
905,1623320100000,13783.2,13786.5,13778.7,13782.8,0,2021-06-10T10:15:00Z
906,1623321000000,13782.8,13782.8,13774.8,13775.4,0,2021-06-10T10:30:00Z
907,1623321900000,13775.4,13779.8,13766.9,13772.7,0,2021-06-10T10:45:00Z
908,1623322800000,13772.7,13785.4,13771.7,13783.9,0,2021-06-10T11:00:00Z
909,1623323700000,13783.9,13791.5,13774.4,13779.4,0,2021-06-10T11:15:00Z
910,1623324600000,13779.4,13779.4,13746.5,13762.3,0,2021-06-10T11:30:00Z
911,1623325500000,13762.3,13796.5,13761.8,13776.4,0,2021-06-10T11:45:00Z
912,1623326400000,13776.4,13789.3,13766.4,13788.7,0,2021-06-10T12:00:00Z
913,1623327300000,13788.7,13798.7,13783.2,13788.9,0,2021-06-10T12:15:00Z
914,1623328200000,13788.9,13814.7,13727.4,13774.0,0,2021-06-10T12:30:00Z
915,1623329100000,13774.0,13835.2,13763.4,13828.3,0,2021-06-10T12:45:00Z
916,1623330000000,13828.3,13851.9,13825.9,13838.4,0,2021-06-10T13:00:00Z
917,1623330900000,13838.4,13840.2,13828.4,13831.9,0,2021-06-10T13:15:00Z
918,1623331800000,13831.9,13922.7,13812.2,13917.7,0,2021-06-10T13:30:00Z
919,1623332700000,13917.7,13965.2,13917.4,13944.2,0,2021-06-10T13:45:00Z
920,1623333600000,13944.2,13960.5,13926.9,13930.9,0,2021-06-10T14:00:00Z
921,1623334500000,13930.9,13946.9,13923.7,13935.9,0,2021-06-10T14:15:00Z
922,1623335400000,13935.9,13945.7,13900.8,13902.0,0,2021-06-10T14:30:00Z
923,1623336300000,13902.0,13902.0,13825.4,13866.8,0,2021-06-10T14:45:00Z
924,1623337200000,13866.8,13882.6,13847.6,13878.6,0,2021-06-10T15:00:00Z
925,1623338100000,13878.6,13907.6,13877.4,13904.8,0,2021-06-10T15:15:00Z
926,1623339000000,13904.8,13919.1,13894.8,13906.9,0,2021-06-10T15:30:00Z
927,1623339900000,13906.9,13922.3,13906.9,13920.3,0,2021-06-10T15:45:00Z
928,1623340800000,13920.3,13934.4,13913.3,13926.8,0,2021-06-10T16:00:00Z
929,1623341700000,13926.8,13931.4,13913.1,13915.3,0,2021-06-10T16:15:00Z
930,1623342600000,13915.3,13938.4,13915.1,13937.3,0,2021-06-10T16:30:00Z
931,1623343500000,13937.3,13944.2,13934.8,13943.6,0,2021-06-10T16:45:00Z
932,1623344400000,13943.6,13946.2,13930.1,13940.9,0,2021-06-10T17:00:00Z
933,1623345300000,13940.9,13945.6,13935.5,13936.8,0,2021-06-10T17:15:00Z
934,1623346200000,13936.8,13942.8,13922.2,13941.1,0,2021-06-10T17:30:00Z
935,1623347100000,13941.1,13959.5,13940.6,13959.1,0,2021-06-10T17:45:00Z
936,1623348000000,13959.1,13960.3,13947.8,13952.5,0,2021-06-10T18:00:00Z
937,1623348900000,13952.5,13956.1,13941.1,13942.0,0,2021-06-10T18:15:00Z
938,1623349800000,13942.0,13947.7,13938.6,13944.2,0,2021-06-10T18:30:00Z
939,1623350700000,13944.2,13958.1,13936.0,13957.5,0,2021-06-10T18:45:00Z
940,1623351600000,13957.5,13958.3,13936.5,13950.5,0,2021-06-10T19:00:00Z
941,1623352500000,13950.5,13953.8,13942.5,13947.2,0,2021-06-10T19:15:00Z
942,1623353400000,13947.2,13951.5,13931.7,13938.7,0,2021-06-10T19:30:00Z
943,1623354300000,13938.7,13964.5,13935.0,13961.0,0,2021-06-10T19:45:00Z
944,1623355200000,13961.0,13973.2,13959.5,13964.7,0,2021-06-10T20:00:00Z
945,1623356100000,13964.7,13965.0,13964.7,13965.0,0,2021-06-10T20:15:00Z
946,1623357000000,13965.0,13970.8,13962.8,13970.1,0,2021-06-10T20:30:00Z
947,1623357900000,13970.1,13977.1,13969.7,13974.0,0,2021-06-10T20:45:00Z
948,1623358800000,13974.0,13974.0,13973.0,13973.0,0,2021-06-10T21:00:00Z
949,1623362400000,13973.0,13979.0,13971.8,13974.8,0,2021-06-10T22:00:00Z
950,1623363300000,13974.8,13976.3,13971.6,13976.2,0,2021-06-10T22:15:00Z
951,1623364200000,13976.2,13976.3,13967.8,13968.5,0,2021-06-10T22:30:00Z
952,1623365100000,13968.5,13970.5,13966.8,13969.5,0,2021-06-10T22:45:00Z
953,1623366000000,13969.5,13969.8,13962.5,13963.3,0,2021-06-10T23:00:00Z
954,1623366900000,13963.3,13969.0,13963.3,13968.3,0,2021-06-10T23:15:00Z
955,1623367800000,13968.3,13971.1,13964.0,13965.3,0,2021-06-10T23:30:00Z
956,1623368700000,13965.3,13971.3,13964.5,13967.2,0,2021-06-10T23:45:00Z
957,1623369600000,13967.2,13981.1,13964.2,13977.0,0,2021-06-11T00:00:00Z
958,1623370500000,13977.0,13982.7,13965.5,13967.5,0,2021-06-11T00:15:00Z
959,1623371400000,13967.5,13973.1,13964.2,13972.5,0,2021-06-11T00:30:00Z
960,1623372300000,13972.5,13978.3,13968.1,13978.1,0,2021-06-11T00:45:00Z
961,1623373200000,13978.1,13987.3,13976.8,13978.0,0,2021-06-11T01:00:00Z
962,1623374100000,13978.0,13985.8,13976.3,13980.0,0,2021-06-11T01:15:00Z
963,1623375000000,13980.0,13984.0,13974.1,13980.7,0,2021-06-11T01:30:00Z
964,1623375900000,13980.7,13984.8,13979.7,13981.8,0,2021-06-11T01:45:00Z
965,1623376800000,13981.8,13982.5,13970.7,13973.1,0,2021-06-11T02:00:00Z
966,1623377700000,13973.1,13979.0,13972.7,13976.3,0,2021-06-11T02:15:00Z
967,1623378600000,13976.3,13978.5,13975.3,13977.2,0,2021-06-11T02:30:00Z
968,1623379500000,13977.2,13979.7,13976.5,13978.2,0,2021-06-11T02:45:00Z
969,1623380400000,13978.2,13980.3,13973.6,13974.2,0,2021-06-11T03:00:00Z
970,1623381300000,13974.2,13976.1,13973.6,13976.0,0,2021-06-11T03:15:00Z
971,1623382200000,13976.0,13979.1,13975.5,13978.7,0,2021-06-11T03:30:00Z
972,1623383100000,13978.7,13979.5,13977.1,13978.0,0,2021-06-11T03:45:00Z
973,1623384000000,13978.0,13979.8,13977.3,13977.5,0,2021-06-11T04:00:00Z
974,1623384900000,13977.5,13980.3,13977.0,13980.1,0,2021-06-11T04:15:00Z
975,1623385800000,13980.1,13980.6,13978.8,13979.6,0,2021-06-11T04:30:00Z
976,1623386700000,13979.6,13979.7,13975.0,13976.2,0,2021-06-11T04:45:00Z
977,1623387600000,13976.2,13976.7,13971.8,13972.0,0,2021-06-11T05:00:00Z
978,1623388500000,13972.0,13975.2,13969.1,13973.1,0,2021-06-11T05:15:00Z
979,1623389400000,13973.1,13976.8,13972.3,13976.0,0,2021-06-11T05:30:00Z
980,1623390300000,13976.0,13977.1,13975.2,13976.3,0,2021-06-11T05:45:00Z
981,1623391200000,13976.3,13977.0,13967.0,13969.7,0,2021-06-11T06:00:00Z
982,1623392100000,13969.7,13972.5,13961.5,13962.0,0,2021-06-11T06:15:00Z
983,1623393000000,13962.0,13968.5,13958.8,13967.7,0,2021-06-11T06:30:00Z
984,1623393900000,13967.7,13972.8,13966.6,13972.2,0,2021-06-11T06:45:00Z
985,1623394800000,13972.2,13972.5,13964.3,13965.0,0,2021-06-11T07:00:00Z
986,1623395700000,13965.0,13969.7,13958.6,13959.0,0,2021-06-11T07:15:00Z
987,1623396600000,13959.0,13962.5,13952.8,13961.2,0,2021-06-11T07:30:00Z
988,1623397500000,13961.2,13966.0,13953.7,13954.0,0,2021-06-11T07:45:00Z
989,1623398400000,13954.0,13959.7,13949.1,13952.8,0,2021-06-11T08:00:00Z
990,1623399300000,13952.8,13959.5,13948.8,13950.5,0,2021-06-11T08:15:00Z
991,1623400200000,13950.5,13961.7,13949.3,13960.0,0,2021-06-11T08:30:00Z
992,1623401100000,13960.0,13968.3,13960.0,13966.8,0,2021-06-11T08:45:00Z
993,1623402000000,13966.8,13968.0,13962.0,13962.3,0,2021-06-11T09:00:00Z
994,1623402900000,13962.3,13965.8,13957.3,13965.1,0,2021-06-11T09:15:00Z
995,1623403800000,13965.1,13965.2,13955.3,13956.5,0,2021-06-11T09:30:00Z
996,1623404700000,13956.5,13960.8,13953.8,13959.7,0,2021-06-11T09:45:00Z
997,1623405600000,13959.7,13960.5,13951.3,13956.2,0,2021-06-11T10:00:00Z
998,1623406500000,13956.2,13970.7,13956.2,13970.5,0,2021-06-11T10:15:00Z
999,1623407400000,13970.5,13996.5,13970.5,13987.0,0,2021-06-11T10:30:00Z
